batch_p50,batch_p95,batch_p99,batch_qdel_p99,config,config_id,control_p50,control_p95,control_p99,control_qdel_p99,dvfs_epoch,dvfs_log_interval,exit_code,headroom_min,max_samples,netrace_class_from_node_types,netrace_file,netrace_use_addr_size,offered_load_class0,offered_load_class1,output_dir,policy,power_cap,run_name,stall_xbar_rate_class0,stall_xbar_rate_class1,tail_latency_ratio_batch_over_control,throughput_flits_class0,throughput_flits_class1,total_power_avg,total_power_peak,uniform_target,use_netrace
,,,14.0,/home/nsutherland/wsc-noc-dvfs/booksim2/runfiles/flatfly_uniform_baseline.cfg,flatfly_uniform_baseline,,,,0.0,10000,10000,1,-0.137614,5,1,/home/nsutherland/wsc-noc-dvfs/sniper_trace_to_netrace/workloads/network_trace_merged.log.tra.bz2,1,,,/home/nsutherland/wsc-noc-dvfs/booksim2/sims,,0.5,sweep_cfg-flatfly_uniform_baseline_power_cap-0.5_uniform_target-0.005_dvfs_epoch-10000_dvfs_log_interval-10000_max_samples-5_use_netrace-1_netrace_file-home-nsutherland--a4c9583507,0.0116312,0.00989375,,,,,0.637614,0.005,1
,,,14.0,/home/nsutherland/wsc-noc-dvfs/booksim2/runfiles/flatfly_uniform_baseline.cfg,flatfly_uniform_baseline,,,,0.0,10000,10000,1,-0.137614,5,1,/home/nsutherland/wsc-noc-dvfs/sniper_trace_to_netrace/workloads/network_trace_merged.log.tra.bz2,1,,,/home/nsutherland/wsc-noc-dvfs/booksim2/sims,,0.5,sweep_cfg-flatfly_uniform_baseline_power_cap-0.5_uniform_target-0.01_dvfs_epoch-10000_dvfs_log_interval-10000_max_samples-5_use_netrace-1_netrace_file-home-nsutherland-w-a7236e3ccf,0.0116312,0.00989375,,,,,0.637614,0.01,1
,,,14.0,/home/nsutherland/wsc-noc-dvfs/booksim2/runfiles/flatfly_uniform_baseline.cfg,flatfly_uniform_baseline,,,,0.0,10000,10000,1,-0.137614,5,1,/home/nsutherland/wsc-noc-dvfs/sniper_trace_to_netrace/workloads/network_trace_merged.log.tra.bz2,1,,,/home/nsutherland/wsc-noc-dvfs/booksim2/sims,,0.5,sweep_cfg-flatfly_uniform_baseline_power_cap-0.5_uniform_target-0.015_dvfs_epoch-10000_dvfs_log_interval-10000_max_samples-5_use_netrace-1_netrace_file-home-nsutherland--5c6a6e0e98,0.0116312,0.00989375,,,,,0.637614,0.015,1
,,,14.0,/home/nsutherland/wsc-noc-dvfs/booksim2/runfiles/flatfly_uniform_baseline.cfg,flatfly_uniform_baseline,,,,0.0,10000,10000,1,-0.137614,5,1,/home/nsutherland/wsc-noc-dvfs/sniper_trace_to_netrace/workloads/network_trace_merged.log.tra.bz2,1,,,/home/nsutherland/wsc-noc-dvfs/booksim2/sims,,0.5,sweep_cfg-flatfly_uniform_baseline_power_cap-0.5_uniform_target-0.02_dvfs_epoch-10000_dvfs_log_interval-10000_max_samples-5_use_netrace-1_netrace_file-home-nsutherland-w-b893b6660b,0.0116312,0.00989375,,,,,0.637614,0.02,1
,,,14.0,/home/nsutherland/wsc-noc-dvfs/booksim2/runfiles/flatfly_uniform_baseline.cfg,flatfly_uniform_baseline,,,,0.0,10000,10000,1,-0.137614,5,1,/home/nsutherland/wsc-noc-dvfs/sniper_trace_to_netrace/workloads/network_trace_merged.log.tra.bz2,1,,,/home/nsutherland/wsc-noc-dvfs/booksim2/sims,,0.5,sweep_cfg-flatfly_uniform_baseline_power_cap-0.5_uniform_target-0.03_dvfs_epoch-10000_dvfs_log_interval-10000_max_samples-5_use_netrace-1_netrace_file-home-nsutherland-w-c89843ab7b,0.0116312,0.00989375,,,,,0.637614,0.03,1
,,,14.0,/home/nsutherland/wsc-noc-dvfs/booksim2/runfiles/flatfly_uniform_baseline.cfg,flatfly_uniform_baseline,,,,0.0,10000,10000,1,-0.137614,5,1,/home/nsutherland/wsc-noc-dvfs/sniper_trace_to_netrace/workloads/network_trace_merged.log.tra.bz2,1,,,/home/nsutherland/wsc-noc-dvfs/booksim2/sims,,0.5,sweep_cfg-flatfly_uniform_baseline_power_cap-0.5_uniform_target-0.04_dvfs_epoch-10000_dvfs_log_interval-10000_max_samples-5_use_netrace-1_netrace_file-home-nsutherland-w-a97322fa67,0.0116312,0.00989375,,,,,0.637614,0.04,1
,,,14.0,/home/nsutherland/wsc-noc-dvfs/booksim2/runfiles/flatfly_uniform_baseline.cfg,flatfly_uniform_baseline,,,,0.0,10000,10000,1,-0.137614,5,1,/home/nsutherland/wsc-noc-dvfs/sniper_trace_to_netrace/workloads/network_trace_merged.log.tra.bz2,1,,,/home/nsutherland/wsc-noc-dvfs/booksim2/sims,,0.5,sweep_cfg-flatfly_uniform_baseline_power_cap-0.5_uniform_target-0.05_dvfs_epoch-10000_dvfs_log_interval-10000_max_samples-5_use_netrace-1_netrace_file-home-nsutherland-w-c1162e2b43,0.0116312,0.00989375,,,,,0.637614,0.05,1
,,,14.0,/home/nsutherland/wsc-noc-dvfs/booksim2/runfiles/flatfly_uniform_baseline.cfg,flatfly_uniform_baseline,,,,0.0,10000,10000,1,-0.137614,5,1,/home/nsutherland/wsc-noc-dvfs/sniper_trace_to_netrace/workloads/network_trace_merged.log.tra.bz2,1,,,/home/nsutherland/wsc-noc-dvfs/booksim2/sims,,0.5,sweep_cfg-flatfly_uniform_baseline_power_cap-0.5_uniform_target-0.075_dvfs_epoch-10000_dvfs_log_interval-10000_max_samples-5_use_netrace-1_netrace_file-home-nsutherland--7c60b664e9,0.0116312,0.00989375,,,,,0.637614,0.075,1
,,,14.0,/home/nsutherland/wsc-noc-dvfs/booksim2/runfiles/flatfly_uniform_baseline.cfg,flatfly_uniform_baseline,,,,0.0,10000,10000,1,-0.137614,5,1,/home/nsutherland/wsc-noc-dvfs/sniper_trace_to_netrace/workloads/network_trace_merged.log.tra.bz2,1,,,/home/nsutherland/wsc-noc-dvfs/booksim2/sims,,0.5,sweep_cfg-flatfly_uniform_baseline_power_cap-0.5_uniform_target-0.1_dvfs_epoch-10000_dvfs_log_interval-10000_max_samples-5_use_netrace-1_netrace_file-home-nsutherland-ws-4114b6f80d,0.0116312,0.00989375,,,,,0.637614,0.1,1
,,,25953.0,/home/nsutherland/wsc-noc-dvfs/booksim2/runfiles/flatfly_uniform_baseline.cfg,flatfly_uniform_baseline,,,,22579.0,10000,10000,1,-0.137614,5,1,/home/nsutherland/wsc-noc-dvfs/sniper_trace_to_netrace/workloads/network_trace_merged.log.tra.bz2,1,,,/home/nsutherland/wsc-noc-dvfs/booksim2/sims,,0.5,sweep_cfg-flatfly_uniform_baseline_power_cap-0.5_uniform_target-0.15_dvfs_epoch-10000_dvfs_log_interval-10000_max_samples-5_use_netrace-1_netrace_file-home-nsutherland-w-b1bce76de2,0.0902562,0.0841563,,,,,0.637614,0.15,1
40,1042,5291,4760.0,/home/nsutherland/wsc-noc-dvfs/booksim2/runfiles/flatfly_uniform_baseline.cfg,flatfly_uniform_baseline,39,447,1719,0.0,10000,10000,0,-0.137614,5,1,/home/nsutherland/wsc-noc-dvfs/sniper_trace_to_netrace/workloads/network_trace_merged.log.tra.bz2,1,0.6,0.6,/home/nsutherland/wsc-noc-dvfs/booksim2/sims,uniform,0.5,sweep_cfg-flatfly_uniform_baseline_power_cap-0.5_uniform_target-0.2_dvfs_epoch-10000_dvfs_log_interval-10000_max_samples-5_use_netrace-1_netrace_file-home-nsutherland-ws-5390f63aca,0.0909937,0.0805875,3.077952297847586,0.0857973,0.0845252,0.19662,0.637614,0.2,1
26,90,170,14.0,/home/nsutherland/wsc-noc-dvfs/booksim2/runfiles/flatfly_uniform_baseline.cfg,flatfly_uniform_baseline,26,87,261,0.0,10000,10000,0,-0.137614,5,1,/home/nsutherland/wsc-noc-dvfs/sniper_trace_to_netrace/workloads/network_trace_merged.log.tra.bz2,1,0.6,0.6,/home/nsutherland/wsc-noc-dvfs/booksim2/sims,uniform,0.5,sweep_cfg-flatfly_uniform_baseline_power_cap-0.5_uniform_target-0.3_dvfs_epoch-10000_dvfs_log_interval-10000_max_samples-5_use_netrace-1_netrace_file-home-nsutherland-ws-f21d74ccc4,0.0618,0.05285,0.6513409961685823,0.0928055,0.0918102,0.27895,0.637614,0.3,1
21,61,97,14.0,/home/nsutherland/wsc-noc-dvfs/booksim2/runfiles/flatfly_uniform_baseline.cfg,flatfly_uniform_baseline,21,59,102,0.0,10000,10000,0,-0.137614,5,1,/home/nsutherland/wsc-noc-dvfs/sniper_trace_to_netrace/workloads/network_trace_merged.log.tra.bz2,1,0.6,0.6,/home/nsutherland/wsc-noc-dvfs/booksim2/sims,uniform,0.5,sweep_cfg-flatfly_uniform_baseline_power_cap-0.5_uniform_target-0.4_dvfs_epoch-10000_dvfs_log_interval-10000_max_samples-5_use_netrace-1_netrace_file-home-nsutherland-ws-d68c35e15c,0.0494187,0.03985,0.9509803921568627,0.0935385,0.0925491,0.361505,0.637614,0.4,1
15,40,58,14.0,/home/nsutherland/wsc-noc-dvfs/booksim2/runfiles/flatfly_uniform_baseline.cfg,flatfly_uniform_baseline,15,37,55,0.0,10000,10000,0,-0.150356,5,1,/home/nsutherland/wsc-noc-dvfs/sniper_trace_to_netrace/workloads/network_trace_merged.log.tra.bz2,1,0.6,0.6,/home/nsutherland/wsc-noc-dvfs/booksim2/sims,uniform,0.5,sweep_cfg-flatfly_uniform_baseline_power_cap-0.5_uniform_target-0.6_dvfs_epoch-10000_dvfs_log_interval-10000_max_samples-5_use_netrace-1_netrace_file-home-nsutherland-ws-6f780a6c8c,0.03285,0.0261187,1.0545454545454545,0.0945207,0.0934585,0.526483,0.650356,0.6,1
,,,,/home/nsutherland/wsc-noc-dvfs/booksim2/runfiles/flatfly_uniform_baseline.cfg,flatfly_uniform_baseline,,,,,10000,10000,255,,5,1,/home/nsutherland/wsc-noc-dvfs/sniper_trace_to_netrace/workloads/network_trace_merged.log.tra.bz2,1,,,/home/nsutherland/wsc-noc-dvfs/booksim2/sims,,0.5,sweep_cfg-flatfly_uniform_baseline_power_cap-0.5_uniform_target-1_dvfs_epoch-10000_dvfs_log_interval-10000_max_samples-5_use_netrace-1_netrace_file-home-nsutherland-wsc--e776283dad,,,,,,,,1,1
,,,14.0,/home/nsutherland/wsc-noc-dvfs/booksim2/runfiles/flatfly_uniform_baseline.cfg,flatfly_uniform_baseline,,,,0.0,10000,10000,1,-0.0376137,5,1,/home/nsutherland/wsc-noc-dvfs/sniper_trace_to_netrace/workloads/network_trace_merged.log.tra.bz2,1,,,/home/nsutherland/wsc-noc-dvfs/booksim2/sims,,0.6,sweep_cfg-flatfly_uniform_baseline_power_cap-0.6_uniform_target-0.005_dvfs_epoch-10000_dvfs_log_interval-10000_max_samples-5_use_netrace-1_netrace_file-home-nsutherland--18b88f8987,0.0116312,0.00989375,,,,,0.637614,0.005,1
,,,14.0,/home/nsutherland/wsc-noc-dvfs/booksim2/runfiles/flatfly_uniform_baseline.cfg,flatfly_uniform_baseline,,,,0.0,10000,10000,1,-0.0376137,5,1,/home/nsutherland/wsc-noc-dvfs/sniper_trace_to_netrace/workloads/network_trace_merged.log.tra.bz2,1,,,/home/nsutherland/wsc-noc-dvfs/booksim2/sims,,0.6,sweep_cfg-flatfly_uniform_baseline_power_cap-0.6_uniform_target-0.01_dvfs_epoch-10000_dvfs_log_interval-10000_max_samples-5_use_netrace-1_netrace_file-home-nsutherland-w-28977ef688,0.0116312,0.00989375,,,,,0.637614,0.01,1
,,,14.0,/home/nsutherland/wsc-noc-dvfs/booksim2/runfiles/flatfly_uniform_baseline.cfg,flatfly_uniform_baseline,,,,0.0,10000,10000,1,-0.0376137,5,1,/home/nsutherland/wsc-noc-dvfs/sniper_trace_to_netrace/workloads/network_trace_merged.log.tra.bz2,1,,,/home/nsutherland/wsc-noc-dvfs/booksim2/sims,,0.6,sweep_cfg-flatfly_uniform_baseline_power_cap-0.6_uniform_target-0.015_dvfs_epoch-10000_dvfs_log_interval-10000_max_samples-5_use_netrace-1_netrace_file-home-nsutherland--6928e47d85,0.0116312,0.00989375,,,,,0.637614,0.015,1
,,,14.0,/home/nsutherland/wsc-noc-dvfs/booksim2/runfiles/flatfly_uniform_baseline.cfg,flatfly_uniform_baseline,,,,0.0,10000,10000,1,-0.0376137,5,1,/home/nsutherland/wsc-noc-dvfs/sniper_trace_to_netrace/workloads/network_trace_merged.log.tra.bz2,1,,,/home/nsutherland/wsc-noc-dvfs/booksim2/sims,,0.6,sweep_cfg-flatfly_uniform_baseline_power_cap-0.6_uniform_target-0.02_dvfs_epoch-10000_dvfs_log_interval-10000_max_samples-5_use_netrace-1_netrace_file-home-nsutherland-w-a33226f035,0.0116312,0.00989375,,,,,0.637614,0.02,1
,,,14.0,/home/nsutherland/wsc-noc-dvfs/booksim2/runfiles/flatfly_uniform_baseline.cfg,flatfly_uniform_baseline,,,,0.0,10000,10000,1,-0.0376137,5,1,/home/nsutherland/wsc-noc-dvfs/sniper_trace_to_netrace/workloads/network_trace_merged.log.tra.bz2,1,,,/home/nsutherland/wsc-noc-dvfs/booksim2/sims,,0.6,sweep_cfg-flatfly_uniform_baseline_power_cap-0.6_uniform_target-0.03_dvfs_epoch-10000_dvfs_log_interval-10000_max_samples-5_use_netrace-1_netrace_file-home-nsutherland-w-8f6b64bcd1,0.0116312,0.00989375,,,,,0.637614,0.03,1
,,,14.0,/home/nsutherland/wsc-noc-dvfs/booksim2/runfiles/flatfly_uniform_baseline.cfg,flatfly_uniform_baseline,,,,0.0,10000,10000,1,-0.0376137,5,1,/home/nsutherland/wsc-noc-dvfs/sniper_trace_to_netrace/workloads/network_trace_merged.log.tra.bz2,1,,,/home/nsutherland/wsc-noc-dvfs/booksim2/sims,,0.6,sweep_cfg-flatfly_uniform_baseline_power_cap-0.6_uniform_target-0.04_dvfs_epoch-10000_dvfs_log_interval-10000_max_samples-5_use_netrace-1_netrace_file-home-nsutherland-w-197f8379d7,0.0116312,0.00989375,,,,,0.637614,0.04,1
,,,14.0,/home/nsutherland/wsc-noc-dvfs/booksim2/runfiles/flatfly_uniform_baseline.cfg,flatfly_uniform_baseline,,,,0.0,10000,10000,1,-0.0376137,5,1,/home/nsutherland/wsc-noc-dvfs/sniper_trace_to_netrace/workloads/network_trace_merged.log.tra.bz2,1,,,/home/nsutherland/wsc-noc-dvfs/booksim2/sims,,0.6,sweep_cfg-flatfly_uniform_baseline_power_cap-0.6_uniform_target-0.05_dvfs_epoch-10000_dvfs_log_interval-10000_max_samples-5_use_netrace-1_netrace_file-home-nsutherland-w-d0c6b1ea03,0.0116312,0.00989375,,,,,0.637614,0.05,1
,,,14.0,/home/nsutherland/wsc-noc-dvfs/booksim2/runfiles/flatfly_uniform_baseline.cfg,flatfly_uniform_baseline,,,,0.0,10000,10000,1,-0.0376137,5,1,/home/nsutherland/wsc-noc-dvfs/sniper_trace_to_netrace/workloads/network_trace_merged.log.tra.bz2,1,,,/home/nsutherland/wsc-noc-dvfs/booksim2/sims,,0.6,sweep_cfg-flatfly_uniform_baseline_power_cap-0.6_uniform_target-0.075_dvfs_epoch-10000_dvfs_log_interval-10000_max_samples-5_use_netrace-1_netrace_file-home-nsutherland--27b29f78f7,0.0116312,0.00989375,,,,,0.637614,0.075,1
,,,14.0,/home/nsutherland/wsc-noc-dvfs/booksim2/runfiles/flatfly_uniform_baseline.cfg,flatfly_uniform_baseline,,,,0.0,10000,10000,1,-0.0376137,5,1,/home/nsutherland/wsc-noc-dvfs/sniper_trace_to_netrace/workloads/network_trace_merged.log.tra.bz2,1,,,/home/nsutherland/wsc-noc-dvfs/booksim2/sims,,0.6,sweep_cfg-flatfly_uniform_baseline_power_cap-0.6_uniform_target-0.1_dvfs_epoch-10000_dvfs_log_interval-10000_max_samples-5_use_netrace-1_netrace_file-home-nsutherland-ws-9b61cdda03,0.0116312,0.00989375,,,,,0.637614,0.1,1
,,,25953.0,/home/nsutherland/wsc-noc-dvfs/booksim2/runfiles/flatfly_uniform_baseline.cfg,flatfly_uniform_baseline,,,,22579.0,10000,10000,1,-0.0376137,5,1,/home/nsutherland/wsc-noc-dvfs/sniper_trace_to_netrace/workloads/network_trace_merged.log.tra.bz2,1,,,/home/nsutherland/wsc-noc-dvfs/booksim2/sims,,0.6,sweep_cfg-flatfly_uniform_baseline_power_cap-0.6_uniform_target-0.15_dvfs_epoch-10000_dvfs_log_interval-10000_max_samples-5_use_netrace-1_netrace_file-home-nsutherland-w-df6187c1fc,0.0902562,0.0841563,,,,,0.637614,0.15,1
40,1042,5291,4760.0,/home/nsutherland/wsc-noc-dvfs/booksim2/runfiles/flatfly_uniform_baseline.cfg,flatfly_uniform_baseline,39,447,1719,0.0,10000,10000,0,-0.0376137,5,1,/home/nsutherland/wsc-noc-dvfs/sniper_trace_to_netrace/workloads/network_trace_merged.log.tra.bz2,1,0.6,0.6,/home/nsutherland/wsc-noc-dvfs/booksim2/sims,uniform,0.6,sweep_cfg-flatfly_uniform_baseline_power_cap-0.6_uniform_target-0.2_dvfs_epoch-10000_dvfs_log_interval-10000_max_samples-5_use_netrace-1_netrace_file-home-nsutherland-ws-85a6a1e525,0.0909937,0.0805875,3.077952297847586,0.0857973,0.0845252,0.19662,0.637614,0.2,1
26,90,170,14.0,/home/nsutherland/wsc-noc-dvfs/booksim2/runfiles/flatfly_uniform_baseline.cfg,flatfly_uniform_baseline,26,87,261,0.0,10000,10000,0,-0.0376137,5,1,/home/nsutherland/wsc-noc-dvfs/sniper_trace_to_netrace/workloads/network_trace_merged.log.tra.bz2,1,0.6,0.6,/home/nsutherland/wsc-noc-dvfs/booksim2/sims,uniform,0.6,sweep_cfg-flatfly_uniform_baseline_power_cap-0.6_uniform_target-0.3_dvfs_epoch-10000_dvfs_log_interval-10000_max_samples-5_use_netrace-1_netrace_file-home-nsutherland-ws-7f7ebfb14f,0.0618,0.05285,0.6513409961685823,0.0928055,0.0918102,0.27895,0.637614,0.3,1
21,61,97,14.0,/home/nsutherland/wsc-noc-dvfs/booksim2/runfiles/flatfly_uniform_baseline.cfg,flatfly_uniform_baseline,21,59,102,0.0,10000,10000,0,-0.0376137,5,1,/home/nsutherland/wsc-noc-dvfs/sniper_trace_to_netrace/workloads/network_trace_merged.log.tra.bz2,1,0.6,0.6,/home/nsutherland/wsc-noc-dvfs/booksim2/sims,uniform,0.6,sweep_cfg-flatfly_uniform_baseline_power_cap-0.6_uniform_target-0.4_dvfs_epoch-10000_dvfs_log_interval-10000_max_samples-5_use_netrace-1_netrace_file-home-nsutherland-ws-72cdad3c31,0.0494187,0.03985,0.9509803921568627,0.0935385,0.0925491,0.361505,0.637614,0.4,1
15,40,58,14.0,/home/nsutherland/wsc-noc-dvfs/booksim2/runfiles/flatfly_uniform_baseline.cfg,flatfly_uniform_baseline,15,37,55,0.0,10000,10000,0,-0.0503562,5,1,/home/nsutherland/wsc-noc-dvfs/sniper_trace_to_netrace/workloads/network_trace_merged.log.tra.bz2,1,0.6,0.6,/home/nsutherland/wsc-noc-dvfs/booksim2/sims,uniform,0.6,sweep_cfg-flatfly_uniform_baseline_power_cap-0.6_uniform_target-0.6_dvfs_epoch-10000_dvfs_log_interval-10000_max_samples-5_use_netrace-1_netrace_file-home-nsutherland-ws-3dc0db80dd,0.03285,0.0261187,1.0545454545454545,0.0945207,0.0934585,0.526483,0.650356,0.6,1
,,,,/home/nsutherland/wsc-noc-dvfs/booksim2/runfiles/flatfly_uniform_baseline.cfg,flatfly_uniform_baseline,,,,,10000,10000,255,,5,1,/home/nsutherland/wsc-noc-dvfs/sniper_trace_to_netrace/workloads/network_trace_merged.log.tra.bz2,1,,,/home/nsutherland/wsc-noc-dvfs/booksim2/sims,,0.6,sweep_cfg-flatfly_uniform_baseline_power_cap-0.6_uniform_target-1_dvfs_epoch-10000_dvfs_log_interval-10000_max_samples-5_use_netrace-1_netrace_file-home-nsutherland-wsc--cc1e1507e2,,,,,,,,1,1
,,,14.0,/home/nsutherland/wsc-noc-dvfs/booksim2/runfiles/flatfly_uniform_baseline.cfg,flatfly_uniform_baseline,,,,0.0,10000,10000,1,0.0623863,5,1,/home/nsutherland/wsc-noc-dvfs/sniper_trace_to_netrace/workloads/network_trace_merged.log.tra.bz2,1,,,/home/nsutherland/wsc-noc-dvfs/booksim2/sims,,0.7,sweep_cfg-flatfly_uniform_baseline_power_cap-0.7_uniform_target-0.005_dvfs_epoch-10000_dvfs_log_interval-10000_max_samples-5_use_netrace-1_netrace_file-home-nsutherland--d77b3f90b1,0.0116312,0.00989375,,,,,0.637614,0.005,1
,,,14.0,/home/nsutherland/wsc-noc-dvfs/booksim2/runfiles/flatfly_uniform_baseline.cfg,flatfly_uniform_baseline,,,,0.0,10000,10000,1,0.0623863,5,1,/home/nsutherland/wsc-noc-dvfs/sniper_trace_to_netrace/workloads/network_trace_merged.log.tra.bz2,1,,,/home/nsutherland/wsc-noc-dvfs/booksim2/sims,,0.7,sweep_cfg-flatfly_uniform_baseline_power_cap-0.7_uniform_target-0.01_dvfs_epoch-10000_dvfs_log_interval-10000_max_samples-5_use_netrace-1_netrace_file-home-nsutherland-w-1356ab22ec,0.0116312,0.00989375,,,,,0.637614,0.01,1
,,,14.0,/home/nsutherland/wsc-noc-dvfs/booksim2/runfiles/flatfly_uniform_baseline.cfg,flatfly_uniform_baseline,,,,0.0,10000,10000,1,0.0623863,5,1,/home/nsutherland/wsc-noc-dvfs/sniper_trace_to_netrace/workloads/network_trace_merged.log.tra.bz2,1,,,/home/nsutherland/wsc-noc-dvfs/booksim2/sims,,0.7,sweep_cfg-flatfly_uniform_baseline_power_cap-0.7_uniform_target-0.015_dvfs_epoch-10000_dvfs_log_interval-10000_max_samples-5_use_netrace-1_netrace_file-home-nsutherland--46007aec08,0.0116312,0.00989375,,,,,0.637614,0.015,1
,,,14.0,/home/nsutherland/wsc-noc-dvfs/booksim2/runfiles/flatfly_uniform_baseline.cfg,flatfly_uniform_baseline,,,,0.0,10000,10000,1,0.0623863,5,1,/home/nsutherland/wsc-noc-dvfs/sniper_trace_to_netrace/workloads/network_trace_merged.log.tra.bz2,1,,,/home/nsutherland/wsc-noc-dvfs/booksim2/sims,,0.7,sweep_cfg-flatfly_uniform_baseline_power_cap-0.7_uniform_target-0.02_dvfs_epoch-10000_dvfs_log_interval-10000_max_samples-5_use_netrace-1_netrace_file-home-nsutherland-w-edecec536b,0.0116312,0.00989375,,,,,0.637614,0.02,1
,,,14.0,/home/nsutherland/wsc-noc-dvfs/booksim2/runfiles/flatfly_uniform_baseline.cfg,flatfly_uniform_baseline,,,,0.0,10000,10000,1,0.0623863,5,1,/home/nsutherland/wsc-noc-dvfs/sniper_trace_to_netrace/workloads/network_trace_merged.log.tra.bz2,1,,,/home/nsutherland/wsc-noc-dvfs/booksim2/sims,,0.7,sweep_cfg-flatfly_uniform_baseline_power_cap-0.7_uniform_target-0.03_dvfs_epoch-10000_dvfs_log_interval-10000_max_samples-5_use_netrace-1_netrace_file-home-nsutherland-w-34777317a9,0.0116312,0.00989375,,,,,0.637614,0.03,1
,,,14.0,/home/nsutherland/wsc-noc-dvfs/booksim2/runfiles/flatfly_uniform_baseline.cfg,flatfly_uniform_baseline,,,,0.0,10000,10000,1,0.0623863,5,1,/home/nsutherland/wsc-noc-dvfs/sniper_trace_to_netrace/workloads/network_trace_merged.log.tra.bz2,1,,,/home/nsutherland/wsc-noc-dvfs/booksim2/sims,,0.7,sweep_cfg-flatfly_uniform_baseline_power_cap-0.7_uniform_target-0.04_dvfs_epoch-10000_dvfs_log_interval-10000_max_samples-5_use_netrace-1_netrace_file-home-nsutherland-w-a83c468be1,0.0116312,0.00989375,,,,,0.637614,0.04,1
,,,14.0,/home/nsutherland/wsc-noc-dvfs/booksim2/runfiles/flatfly_uniform_baseline.cfg,flatfly_uniform_baseline,,,,0.0,10000,10000,1,0.0623863,5,1,/home/nsutherland/wsc-noc-dvfs/sniper_trace_to_netrace/workloads/network_trace_merged.log.tra.bz2,1,,,/home/nsutherland/wsc-noc-dvfs/booksim2/sims,,0.7,sweep_cfg-flatfly_uniform_baseline_power_cap-0.7_uniform_target-0.05_dvfs_epoch-10000_dvfs_log_interval-10000_max_samples-5_use_netrace-1_netrace_file-home-nsutherland-w-53b2c30ab9,0.0116312,0.00989375,,,,,0.637614,0.05,1
,,,14.0,/home/nsutherland/wsc-noc-dvfs/booksim2/runfiles/flatfly_uniform_baseline.cfg,flatfly_uniform_baseline,,,,0.0,10000,10000,1,0.0623863,5,1,/home/nsutherland/wsc-noc-dvfs/sniper_trace_to_netrace/workloads/network_trace_merged.log.tra.bz2,1,,,/home/nsutherland/wsc-noc-dvfs/booksim2/sims,,0.7,sweep_cfg-flatfly_uniform_baseline_power_cap-0.7_uniform_target-0.075_dvfs_epoch-10000_dvfs_log_interval-10000_max_samples-5_use_netrace-1_netrace_file-home-nsutherland--f9a9cffa62,0.0116312,0.00989375,,,,,0.637614,0.075,1
,,,14.0,/home/nsutherland/wsc-noc-dvfs/booksim2/runfiles/flatfly_uniform_baseline.cfg,flatfly_uniform_baseline,,,,0.0,10000,10000,1,0.0623863,5,1,/home/nsutherland/wsc-noc-dvfs/sniper_trace_to_netrace/workloads/network_trace_merged.log.tra.bz2,1,,,/home/nsutherland/wsc-noc-dvfs/booksim2/sims,,0.7,sweep_cfg-flatfly_uniform_baseline_power_cap-0.7_uniform_target-0.1_dvfs_epoch-10000_dvfs_log_interval-10000_max_samples-5_use_netrace-1_netrace_file-home-nsutherland-ws-0ec1b4875b,0.0116312,0.00989375,,,,,0.637614,0.1,1
,,,25953.0,/home/nsutherland/wsc-noc-dvfs/booksim2/runfiles/flatfly_uniform_baseline.cfg,flatfly_uniform_baseline,,,,22579.0,10000,10000,1,0.0623863,5,1,/home/nsutherland/wsc-noc-dvfs/sniper_trace_to_netrace/workloads/network_trace_merged.log.tra.bz2,1,,,/home/nsutherland/wsc-noc-dvfs/booksim2/sims,,0.7,sweep_cfg-flatfly_uniform_baseline_power_cap-0.7_uniform_target-0.15_dvfs_epoch-10000_dvfs_log_interval-10000_max_samples-5_use_netrace-1_netrace_file-home-nsutherland-w-90244b26ce,0.0902562,0.0841563,,,,,0.637614,0.15,1
40,1042,5291,4760.0,/home/nsutherland/wsc-noc-dvfs/booksim2/runfiles/flatfly_uniform_baseline.cfg,flatfly_uniform_baseline,39,447,1719,0.0,10000,10000,0,0.0623863,5,1,/home/nsutherland/wsc-noc-dvfs/sniper_trace_to_netrace/workloads/network_trace_merged.log.tra.bz2,1,0.6,0.6,/home/nsutherland/wsc-noc-dvfs/booksim2/sims,uniform,0.7,sweep_cfg-flatfly_uniform_baseline_power_cap-0.7_uniform_target-0.2_dvfs_epoch-10000_dvfs_log_interval-10000_max_samples-5_use_netrace-1_netrace_file-home-nsutherland-ws-b6d3dad6f8,0.0909937,0.0805875,3.077952297847586,0.0857973,0.0845252,0.19662,0.637614,0.2,1
26,90,170,14.0,/home/nsutherland/wsc-noc-dvfs/booksim2/runfiles/flatfly_uniform_baseline.cfg,flatfly_uniform_baseline,26,87,261,0.0,10000,10000,0,0.0623863,5,1,/home/nsutherland/wsc-noc-dvfs/sniper_trace_to_netrace/workloads/network_trace_merged.log.tra.bz2,1,0.6,0.6,/home/nsutherland/wsc-noc-dvfs/booksim2/sims,uniform,0.7,sweep_cfg-flatfly_uniform_baseline_power_cap-0.7_uniform_target-0.3_dvfs_epoch-10000_dvfs_log_interval-10000_max_samples-5_use_netrace-1_netrace_file-home-nsutherland-ws-32555f62c9,0.0618,0.05285,0.6513409961685823,0.0928055,0.0918102,0.27895,0.637614,0.3,1
21,61,97,14.0,/home/nsutherland/wsc-noc-dvfs/booksim2/runfiles/flatfly_uniform_baseline.cfg,flatfly_uniform_baseline,21,59,102,0.0,10000,10000,0,0.0623863,5,1,/home/nsutherland/wsc-noc-dvfs/sniper_trace_to_netrace/workloads/network_trace_merged.log.tra.bz2,1,0.6,0.6,/home/nsutherland/wsc-noc-dvfs/booksim2/sims,uniform,0.7,sweep_cfg-flatfly_uniform_baseline_power_cap-0.7_uniform_target-0.4_dvfs_epoch-10000_dvfs_log_interval-10000_max_samples-5_use_netrace-1_netrace_file-home-nsutherland-ws-9eaa7ffe44,0.0494187,0.03985,0.9509803921568627,0.0935385,0.0925491,0.361505,0.637614,0.4,1
15,40,58,14.0,/home/nsutherland/wsc-noc-dvfs/booksim2/runfiles/flatfly_uniform_baseline.cfg,flatfly_uniform_baseline,15,37,55,0.0,10000,10000,0,0.0496438,5,1,/home/nsutherland/wsc-noc-dvfs/sniper_trace_to_netrace/workloads/network_trace_merged.log.tra.bz2,1,0.6,0.6,/home/nsutherland/wsc-noc-dvfs/booksim2/sims,uniform,0.7,sweep_cfg-flatfly_uniform_baseline_power_cap-0.7_uniform_target-0.6_dvfs_epoch-10000_dvfs_log_interval-10000_max_samples-5_use_netrace-1_netrace_file-home-nsutherland-ws-f3de5caf09,0.03285,0.0261187,1.0545454545454545,0.0945207,0.0934585,0.526483,0.650356,0.6,1
,,,,/home/nsutherland/wsc-noc-dvfs/booksim2/runfiles/flatfly_uniform_baseline.cfg,flatfly_uniform_baseline,,,,,10000,10000,255,,5,1,/home/nsutherland/wsc-noc-dvfs/sniper_trace_to_netrace/workloads/network_trace_merged.log.tra.bz2,1,,,/home/nsutherland/wsc-noc-dvfs/booksim2/sims,,0.7,sweep_cfg-flatfly_uniform_baseline_power_cap-0.7_uniform_target-1_dvfs_epoch-10000_dvfs_log_interval-10000_max_samples-5_use_netrace-1_netrace_file-home-nsutherland-wsc--62d93602a0,,,,,,,,1,1
,,,14.0,/home/nsutherland/wsc-noc-dvfs/booksim2/runfiles/flatfly_uniform_baseline.cfg,flatfly_uniform_baseline,,,,0.0,10000,10000,1,0.162386,5,1,/home/nsutherland/wsc-noc-dvfs/sniper_trace_to_netrace/workloads/network_trace_merged.log.tra.bz2,1,,,/home/nsutherland/wsc-noc-dvfs/booksim2/sims,,0.8,sweep_cfg-flatfly_uniform_baseline_power_cap-0.8_uniform_target-0.005_dvfs_epoch-10000_dvfs_log_interval-10000_max_samples-5_use_netrace-1_netrace_file-home-nsutherland--65c75a067c,0.0116312,0.00989375,,,,,0.637614,0.005,1
,,,14.0,/home/nsutherland/wsc-noc-dvfs/booksim2/runfiles/flatfly_uniform_baseline.cfg,flatfly_uniform_baseline,,,,0.0,10000,10000,1,0.162386,5,1,/home/nsutherland/wsc-noc-dvfs/sniper_trace_to_netrace/workloads/network_trace_merged.log.tra.bz2,1,,,/home/nsutherland/wsc-noc-dvfs/booksim2/sims,,0.8,sweep_cfg-flatfly_uniform_baseline_power_cap-0.8_uniform_target-0.01_dvfs_epoch-10000_dvfs_log_interval-10000_max_samples-5_use_netrace-1_netrace_file-home-nsutherland-w-b2f8208831,0.0116312,0.00989375,,,,,0.637614,0.01,1
,,,14.0,/home/nsutherland/wsc-noc-dvfs/booksim2/runfiles/flatfly_uniform_baseline.cfg,flatfly_uniform_baseline,,,,0.0,10000,10000,1,0.162386,5,1,/home/nsutherland/wsc-noc-dvfs/sniper_trace_to_netrace/workloads/network_trace_merged.log.tra.bz2,1,,,/home/nsutherland/wsc-noc-dvfs/booksim2/sims,,0.8,sweep_cfg-flatfly_uniform_baseline_power_cap-0.8_uniform_target-0.015_dvfs_epoch-10000_dvfs_log_interval-10000_max_samples-5_use_netrace-1_netrace_file-home-nsutherland--c077f66e05,0.0116312,0.00989375,,,,,0.637614,0.015,1
,,,14.0,/home/nsutherland/wsc-noc-dvfs/booksim2/runfiles/flatfly_uniform_baseline.cfg,flatfly_uniform_baseline,,,,0.0,10000,10000,1,0.162386,5,1,/home/nsutherland/wsc-noc-dvfs/sniper_trace_to_netrace/workloads/network_trace_merged.log.tra.bz2,1,,,/home/nsutherland/wsc-noc-dvfs/booksim2/sims,,0.8,sweep_cfg-flatfly_uniform_baseline_power_cap-0.8_uniform_target-0.02_dvfs_epoch-10000_dvfs_log_interval-10000_max_samples-5_use_netrace-1_netrace_file-home-nsutherland-w-45560d44a9,0.0116312,0.00989375,,,,,0.637614,0.02,1
,,,14.0,/home/nsutherland/wsc-noc-dvfs/booksim2/runfiles/flatfly_uniform_baseline.cfg,flatfly_uniform_baseline,,,,0.0,10000,10000,1,0.162386,5,1,/home/nsutherland/wsc-noc-dvfs/sniper_trace_to_netrace/workloads/network_trace_merged.log.tra.bz2,1,,,/home/nsutherland/wsc-noc-dvfs/booksim2/sims,,0.8,sweep_cfg-flatfly_uniform_baseline_power_cap-0.8_uniform_target-0.03_dvfs_epoch-10000_dvfs_log_interval-10000_max_samples-5_use_netrace-1_netrace_file-home-nsutherland-w-d45c2c6fe1,0.0116312,0.00989375,,,,,0.637614,0.03,1
,,,14.0,/home/nsutherland/wsc-noc-dvfs/booksim2/runfiles/flatfly_uniform_baseline.cfg,flatfly_uniform_baseline,,,,0.0,10000,10000,1,0.162386,5,1,/home/nsutherland/wsc-noc-dvfs/sniper_trace_to_netrace/workloads/network_trace_merged.log.tra.bz2,1,,,/home/nsutherland/wsc-noc-dvfs/booksim2/sims,,0.8,sweep_cfg-flatfly_uniform_baseline_power_cap-0.8_uniform_target-0.04_dvfs_epoch-10000_dvfs_log_interval-10000_max_samples-5_use_netrace-1_netrace_file-home-nsutherland-w-582526a6ae,0.0116312,0.00989375,,,,,0.637614,0.04,1
,,,14.0,/home/nsutherland/wsc-noc-dvfs/booksim2/runfiles/flatfly_uniform_baseline.cfg,flatfly_uniform_baseline,,,,0.0,10000,10000,1,0.162386,5,1,/home/nsutherland/wsc-noc-dvfs/sniper_trace_to_netrace/workloads/network_trace_merged.log.tra.bz2,1,,,/home/nsutherland/wsc-noc-dvfs/booksim2/sims,,0.8,sweep_cfg-flatfly_uniform_baseline_power_cap-0.8_uniform_target-0.05_dvfs_epoch-10000_dvfs_log_interval-10000_max_samples-5_use_netrace-1_netrace_file-home-nsutherland-w-e4c936cf73,0.0116312,0.00989375,,,,,0.637614,0.05,1
,,,14.0,/home/nsutherland/wsc-noc-dvfs/booksim2/runfiles/flatfly_uniform_baseline.cfg,flatfly_uniform_baseline,,,,0.0,10000,10000,1,0.162386,5,1,/home/nsutherland/wsc-noc-dvfs/sniper_trace_to_netrace/workloads/network_trace_merged.log.tra.bz2,1,,,/home/nsutherland/wsc-noc-dvfs/booksim2/sims,,0.8,sweep_cfg-flatfly_uniform_baseline_power_cap-0.8_uniform_target-0.075_dvfs_epoch-10000_dvfs_log_interval-10000_max_samples-5_use_netrace-1_netrace_file-home-nsutherland--0c070d463b,0.0116312,0.00989375,,,,,0.637614,0.075,1
,,,14.0,/home/nsutherland/wsc-noc-dvfs/booksim2/runfiles/flatfly_uniform_baseline.cfg,flatfly_uniform_baseline,,,,0.0,10000,10000,1,0.162386,5,1,/home/nsutherland/wsc-noc-dvfs/sniper_trace_to_netrace/workloads/network_trace_merged.log.tra.bz2,1,,,/home/nsutherland/wsc-noc-dvfs/booksim2/sims,,0.8,sweep_cfg-flatfly_uniform_baseline_power_cap-0.8_uniform_target-0.1_dvfs_epoch-10000_dvfs_log_interval-10000_max_samples-5_use_netrace-1_netrace_file-home-nsutherland-ws-6fd53e6e90,0.0116312,0.00989375,,,,,0.637614,0.1,1
,,,25953.0,/home/nsutherland/wsc-noc-dvfs/booksim2/runfiles/flatfly_uniform_baseline.cfg,flatfly_uniform_baseline,,,,22579.0,10000,10000,1,0.162386,5,1,/home/nsutherland/wsc-noc-dvfs/sniper_trace_to_netrace/workloads/network_trace_merged.log.tra.bz2,1,,,/home/nsutherland/wsc-noc-dvfs/booksim2/sims,,0.8,sweep_cfg-flatfly_uniform_baseline_power_cap-0.8_uniform_target-0.15_dvfs_epoch-10000_dvfs_log_interval-10000_max_samples-5_use_netrace-1_netrace_file-home-nsutherland-w-6ad4fce9cb,0.0902562,0.0841563,,,,,0.637614,0.15,1
40,1042,5291,4760.0,/home/nsutherland/wsc-noc-dvfs/booksim2/runfiles/flatfly_uniform_baseline.cfg,flatfly_uniform_baseline,39,447,1719,0.0,10000,10000,0,0.162386,5,1,/home/nsutherland/wsc-noc-dvfs/sniper_trace_to_netrace/workloads/network_trace_merged.log.tra.bz2,1,0.6,0.6,/home/nsutherland/wsc-noc-dvfs/booksim2/sims,uniform,0.8,sweep_cfg-flatfly_uniform_baseline_power_cap-0.8_uniform_target-0.2_dvfs_epoch-10000_dvfs_log_interval-10000_max_samples-5_use_netrace-1_netrace_file-home-nsutherland-ws-691e530284,0.0909937,0.0805875,3.077952297847586,0.0857973,0.0845252,0.19662,0.637614,0.2,1
26,90,170,14.0,/home/nsutherland/wsc-noc-dvfs/booksim2/runfiles/flatfly_uniform_baseline.cfg,flatfly_uniform_baseline,26,87,261,0.0,10000,10000,0,0.162386,5,1,/home/nsutherland/wsc-noc-dvfs/sniper_trace_to_netrace/workloads/network_trace_merged.log.tra.bz2,1,0.6,0.6,/home/nsutherland/wsc-noc-dvfs/booksim2/sims,uniform,0.8,sweep_cfg-flatfly_uniform_baseline_power_cap-0.8_uniform_target-0.3_dvfs_epoch-10000_dvfs_log_interval-10000_max_samples-5_use_netrace-1_netrace_file-home-nsutherland-ws-cd43ca36e6,0.0618,0.05285,0.6513409961685823,0.0928055,0.0918102,0.27895,0.637614,0.3,1
21,61,97,14.0,/home/nsutherland/wsc-noc-dvfs/booksim2/runfiles/flatfly_uniform_baseline.cfg,flatfly_uniform_baseline,21,59,102,0.0,10000,10000,0,0.162386,5,1,/home/nsutherland/wsc-noc-dvfs/sniper_trace_to_netrace/workloads/network_trace_merged.log.tra.bz2,1,0.6,0.6,/home/nsutherland/wsc-noc-dvfs/booksim2/sims,uniform,0.8,sweep_cfg-flatfly_uniform_baseline_power_cap-0.8_uniform_target-0.4_dvfs_epoch-10000_dvfs_log_interval-10000_max_samples-5_use_netrace-1_netrace_file-home-nsutherland-ws-a371ee15ce,0.0494187,0.03985,0.9509803921568627,0.0935385,0.0925491,0.361505,0.637614,0.4,1
15,40,58,14.0,/home/nsutherland/wsc-noc-dvfs/booksim2/runfiles/flatfly_uniform_baseline.cfg,flatfly_uniform_baseline,15,37,55,0.0,10000,10000,0,0.149644,5,1,/home/nsutherland/wsc-noc-dvfs/sniper_trace_to_netrace/workloads/network_trace_merged.log.tra.bz2,1,0.6,0.6,/home/nsutherland/wsc-noc-dvfs/booksim2/sims,uniform,0.8,sweep_cfg-flatfly_uniform_baseline_power_cap-0.8_uniform_target-0.6_dvfs_epoch-10000_dvfs_log_interval-10000_max_samples-5_use_netrace-1_netrace_file-home-nsutherland-ws-00fe84ebe8,0.03285,0.0261187,1.0545454545454545,0.0945207,0.0934585,0.526483,0.650356,0.6,1
,,,,/home/nsutherland/wsc-noc-dvfs/booksim2/runfiles/flatfly_uniform_baseline.cfg,flatfly_uniform_baseline,,,,,10000,10000,255,,5,1,/home/nsutherland/wsc-noc-dvfs/sniper_trace_to_netrace/workloads/network_trace_merged.log.tra.bz2,1,,,/home/nsutherland/wsc-noc-dvfs/booksim2/sims,,0.8,sweep_cfg-flatfly_uniform_baseline_power_cap-0.8_uniform_target-1_dvfs_epoch-10000_dvfs_log_interval-10000_max_samples-5_use_netrace-1_netrace_file-home-nsutherland-wsc--f1bc25c02f,,,,,,,,1,1
,,,14.0,/home/nsutherland/wsc-noc-dvfs/booksim2/runfiles/flatfly_uniform_baseline.cfg,flatfly_uniform_baseline,,,,0.0,10000,10000,1,0.262386,5,1,/home/nsutherland/wsc-noc-dvfs/sniper_trace_to_netrace/workloads/network_trace_merged.log.tra.bz2,1,,,/home/nsutherland/wsc-noc-dvfs/booksim2/sims,,0.9,sweep_cfg-flatfly_uniform_baseline_power_cap-0.9_uniform_target-0.005_dvfs_epoch-10000_dvfs_log_interval-10000_max_samples-5_use_netrace-1_netrace_file-home-nsutherland--36ff0f7ef4,0.0116312,0.00989375,,,,,0.637614,0.005,1
,,,14.0,/home/nsutherland/wsc-noc-dvfs/booksim2/runfiles/flatfly_uniform_baseline.cfg,flatfly_uniform_baseline,,,,0.0,10000,10000,1,0.262386,5,1,/home/nsutherland/wsc-noc-dvfs/sniper_trace_to_netrace/workloads/network_trace_merged.log.tra.bz2,1,,,/home/nsutherland/wsc-noc-dvfs/booksim2/sims,,0.9,sweep_cfg-flatfly_uniform_baseline_power_cap-0.9_uniform_target-0.01_dvfs_epoch-10000_dvfs_log_interval-10000_max_samples-5_use_netrace-1_netrace_file-home-nsutherland-w-7c798e5b8b,0.0116312,0.00989375,,,,,0.637614,0.01,1
,,,14.0,/home/nsutherland/wsc-noc-dvfs/booksim2/runfiles/flatfly_uniform_baseline.cfg,flatfly_uniform_baseline,,,,0.0,10000,10000,1,0.262386,5,1,/home/nsutherland/wsc-noc-dvfs/sniper_trace_to_netrace/workloads/network_trace_merged.log.tra.bz2,1,,,/home/nsutherland/wsc-noc-dvfs/booksim2/sims,,0.9,sweep_cfg-flatfly_uniform_baseline_power_cap-0.9_uniform_target-0.015_dvfs_epoch-10000_dvfs_log_interval-10000_max_samples-5_use_netrace-1_netrace_file-home-nsutherland--53b8fb0240,0.0116312,0.00989375,,,,,0.637614,0.015,1
,,,14.0,/home/nsutherland/wsc-noc-dvfs/booksim2/runfiles/flatfly_uniform_baseline.cfg,flatfly_uniform_baseline,,,,0.0,10000,10000,1,0.262386,5,1,/home/nsutherland/wsc-noc-dvfs/sniper_trace_to_netrace/workloads/network_trace_merged.log.tra.bz2,1,,,/home/nsutherland/wsc-noc-dvfs/booksim2/sims,,0.9,sweep_cfg-flatfly_uniform_baseline_power_cap-0.9_uniform_target-0.02_dvfs_epoch-10000_dvfs_log_interval-10000_max_samples-5_use_netrace-1_netrace_file-home-nsutherland-w-3ad9ab0bdf,0.0116312,0.00989375,,,,,0.637614,0.02,1
,,,14.0,/home/nsutherland/wsc-noc-dvfs/booksim2/runfiles/flatfly_uniform_baseline.cfg,flatfly_uniform_baseline,,,,0.0,10000,10000,1,0.262386,5,1,/home/nsutherland/wsc-noc-dvfs/sniper_trace_to_netrace/workloads/network_trace_merged.log.tra.bz2,1,,,/home/nsutherland/wsc-noc-dvfs/booksim2/sims,,0.9,sweep_cfg-flatfly_uniform_baseline_power_cap-0.9_uniform_target-0.03_dvfs_epoch-10000_dvfs_log_interval-10000_max_samples-5_use_netrace-1_netrace_file-home-nsutherland-w-a035b682e3,0.0116312,0.00989375,,,,,0.637614,0.03,1
,,,14.0,/home/nsutherland/wsc-noc-dvfs/booksim2/runfiles/flatfly_uniform_baseline.cfg,flatfly_uniform_baseline,,,,0.0,10000,10000,1,0.262386,5,1,/home/nsutherland/wsc-noc-dvfs/sniper_trace_to_netrace/workloads/network_trace_merged.log.tra.bz2,1,,,/home/nsutherland/wsc-noc-dvfs/booksim2/sims,,0.9,sweep_cfg-flatfly_uniform_baseline_power_cap-0.9_uniform_target-0.04_dvfs_epoch-10000_dvfs_log_interval-10000_max_samples-5_use_netrace-1_netrace_file-home-nsutherland-w-beb1dba517,0.0116312,0.00989375,,,,,0.637614,0.04,1
,,,14.0,/home/nsutherland/wsc-noc-dvfs/booksim2/runfiles/flatfly_uniform_baseline.cfg,flatfly_uniform_baseline,,,,0.0,10000,10000,1,0.262386,5,1,/home/nsutherland/wsc-noc-dvfs/sniper_trace_to_netrace/workloads/network_trace_merged.log.tra.bz2,1,,,/home/nsutherland/wsc-noc-dvfs/booksim2/sims,,0.9,sweep_cfg-flatfly_uniform_baseline_power_cap-0.9_uniform_target-0.05_dvfs_epoch-10000_dvfs_log_interval-10000_max_samples-5_use_netrace-1_netrace_file-home-nsutherland-w-505a70f250,0.0116312,0.00989375,,,,,0.637614,0.05,1
,,,14.0,/home/nsutherland/wsc-noc-dvfs/booksim2/runfiles/flatfly_uniform_baseline.cfg,flatfly_uniform_baseline,,,,0.0,10000,10000,1,0.262386,5,1,/home/nsutherland/wsc-noc-dvfs/sniper_trace_to_netrace/workloads/network_trace_merged.log.tra.bz2,1,,,/home/nsutherland/wsc-noc-dvfs/booksim2/sims,,0.9,sweep_cfg-flatfly_uniform_baseline_power_cap-0.9_uniform_target-0.075_dvfs_epoch-10000_dvfs_log_interval-10000_max_samples-5_use_netrace-1_netrace_file-home-nsutherland--3da9c03e10,0.0116312,0.00989375,,,,,0.637614,0.075,1
,,,14.0,/home/nsutherland/wsc-noc-dvfs/booksim2/runfiles/flatfly_uniform_baseline.cfg,flatfly_uniform_baseline,,,,0.0,10000,10000,1,0.262386,5,1,/home/nsutherland/wsc-noc-dvfs/sniper_trace_to_netrace/workloads/network_trace_merged.log.tra.bz2,1,,,/home/nsutherland/wsc-noc-dvfs/booksim2/sims,,0.9,sweep_cfg-flatfly_uniform_baseline_power_cap-0.9_uniform_target-0.1_dvfs_epoch-10000_dvfs_log_interval-10000_max_samples-5_use_netrace-1_netrace_file-home-nsutherland-ws-311ddc2d09,0.0116312,0.00989375,,,,,0.637614,0.1,1
,,,25953.0,/home/nsutherland/wsc-noc-dvfs/booksim2/runfiles/flatfly_uniform_baseline.cfg,flatfly_uniform_baseline,,,,22579.0,10000,10000,1,0.262386,5,1,/home/nsutherland/wsc-noc-dvfs/sniper_trace_to_netrace/workloads/network_trace_merged.log.tra.bz2,1,,,/home/nsutherland/wsc-noc-dvfs/booksim2/sims,,0.9,sweep_cfg-flatfly_uniform_baseline_power_cap-0.9_uniform_target-0.15_dvfs_epoch-10000_dvfs_log_interval-10000_max_samples-5_use_netrace-1_netrace_file-home-nsutherland-w-2797e70bcb,0.0902562,0.0841563,,,,,0.637614,0.15,1
40,1042,5291,4760.0,/home/nsutherland/wsc-noc-dvfs/booksim2/runfiles/flatfly_uniform_baseline.cfg,flatfly_uniform_baseline,39,447,1719,0.0,10000,10000,0,0.262386,5,1,/home/nsutherland/wsc-noc-dvfs/sniper_trace_to_netrace/workloads/network_trace_merged.log.tra.bz2,1,0.6,0.6,/home/nsutherland/wsc-noc-dvfs/booksim2/sims,uniform,0.9,sweep_cfg-flatfly_uniform_baseline_power_cap-0.9_uniform_target-0.2_dvfs_epoch-10000_dvfs_log_interval-10000_max_samples-5_use_netrace-1_netrace_file-home-nsutherland-ws-8c06b8c3e1,0.0909937,0.0805875,3.077952297847586,0.0857973,0.0845252,0.19662,0.637614,0.2,1
26,90,170,14.0,/home/nsutherland/wsc-noc-dvfs/booksim2/runfiles/flatfly_uniform_baseline.cfg,flatfly_uniform_baseline,26,87,261,0.0,10000,10000,0,0.262386,5,1,/home/nsutherland/wsc-noc-dvfs/sniper_trace_to_netrace/workloads/network_trace_merged.log.tra.bz2,1,0.6,0.6,/home/nsutherland/wsc-noc-dvfs/booksim2/sims,uniform,0.9,sweep_cfg-flatfly_uniform_baseline_power_cap-0.9_uniform_target-0.3_dvfs_epoch-10000_dvfs_log_interval-10000_max_samples-5_use_netrace-1_netrace_file-home-nsutherland-ws-69606c9e2c,0.0618,0.05285,0.6513409961685823,0.0928055,0.0918102,0.27895,0.637614,0.3,1
21,61,97,14.0,/home/nsutherland/wsc-noc-dvfs/booksim2/runfiles/flatfly_uniform_baseline.cfg,flatfly_uniform_baseline,21,59,102,0.0,10000,10000,0,0.262386,5,1,/home/nsutherland/wsc-noc-dvfs/sniper_trace_to_netrace/workloads/network_trace_merged.log.tra.bz2,1,0.6,0.6,/home/nsutherland/wsc-noc-dvfs/booksim2/sims,uniform,0.9,sweep_cfg-flatfly_uniform_baseline_power_cap-0.9_uniform_target-0.4_dvfs_epoch-10000_dvfs_log_interval-10000_max_samples-5_use_netrace-1_netrace_file-home-nsutherland-ws-e5c1861b44,0.0494187,0.03985,0.9509803921568627,0.0935385,0.0925491,0.361505,0.637614,0.4,1
15,40,58,14.0,/home/nsutherland/wsc-noc-dvfs/booksim2/runfiles/flatfly_uniform_baseline.cfg,flatfly_uniform_baseline,15,37,55,0.0,10000,10000,0,0.249644,5,1,/home/nsutherland/wsc-noc-dvfs/sniper_trace_to_netrace/workloads/network_trace_merged.log.tra.bz2,1,0.6,0.6,/home/nsutherland/wsc-noc-dvfs/booksim2/sims,uniform,0.9,sweep_cfg-flatfly_uniform_baseline_power_cap-0.9_uniform_target-0.6_dvfs_epoch-10000_dvfs_log_interval-10000_max_samples-5_use_netrace-1_netrace_file-home-nsutherland-ws-57ff86dddb,0.03285,0.0261187,1.0545454545454545,0.0945207,0.0934585,0.526483,0.650356,0.6,1
,,,,/home/nsutherland/wsc-noc-dvfs/booksim2/runfiles/flatfly_uniform_baseline.cfg,flatfly_uniform_baseline,,,,,10000,10000,255,,5,1,/home/nsutherland/wsc-noc-dvfs/sniper_trace_to_netrace/workloads/network_trace_merged.log.tra.bz2,1,,,/home/nsutherland/wsc-noc-dvfs/booksim2/sims,,0.9,sweep_cfg-flatfly_uniform_baseline_power_cap-0.9_uniform_target-1_dvfs_epoch-10000_dvfs_log_interval-10000_max_samples-5_use_netrace-1_netrace_file-home-nsutherland-wsc--dca81939d7,,,,,,,,1,1
,,,,/home/nsutherland/wsc-noc-dvfs/booksim2/runfiles/flatfly_uniform_baseline.cfg,flatfly_uniform_baseline,,,,,10000,10000,255,,5,1,/home/nsutherland/wsc-noc-dvfs/sniper_trace_to_netrace/workloads/network_trace_merged.log.tra.bz2,1,,,/home/nsutherland/wsc-noc-dvfs/booksim2/sims,,1,sweep_cfg-flatfly_uniform_baseline_power_cap-1_uniform_target-0.005_dvfs_epoch-10000_dvfs_log_interval-10000_max_samples-5_use_netrace-1_netrace_file-home-nsutherland-ws-bdc042f513,,,,,,,,0.005,1
,,,,/home/nsutherland/wsc-noc-dvfs/booksim2/runfiles/flatfly_uniform_baseline.cfg,flatfly_uniform_baseline,,,,,10000,10000,255,,5,1,/home/nsutherland/wsc-noc-dvfs/sniper_trace_to_netrace/workloads/network_trace_merged.log.tra.bz2,1,,,/home/nsutherland/wsc-noc-dvfs/booksim2/sims,,1,sweep_cfg-flatfly_uniform_baseline_power_cap-1_uniform_target-0.01_dvfs_epoch-10000_dvfs_log_interval-10000_max_samples-5_use_netrace-1_netrace_file-home-nsutherland-wsc-712eb38682,,,,,,,,0.01,1
,,,,/home/nsutherland/wsc-noc-dvfs/booksim2/runfiles/flatfly_uniform_baseline.cfg,flatfly_uniform_baseline,,,,,10000,10000,255,,5,1,/home/nsutherland/wsc-noc-dvfs/sniper_trace_to_netrace/workloads/network_trace_merged.log.tra.bz2,1,,,/home/nsutherland/wsc-noc-dvfs/booksim2/sims,,1,sweep_cfg-flatfly_uniform_baseline_power_cap-1_uniform_target-0.015_dvfs_epoch-10000_dvfs_log_interval-10000_max_samples-5_use_netrace-1_netrace_file-home-nsutherland-ws-811a4bc10c,,,,,,,,0.015,1
,,,,/home/nsutherland/wsc-noc-dvfs/booksim2/runfiles/flatfly_uniform_baseline.cfg,flatfly_uniform_baseline,,,,,10000,10000,255,,5,1,/home/nsutherland/wsc-noc-dvfs/sniper_trace_to_netrace/workloads/network_trace_merged.log.tra.bz2,1,,,/home/nsutherland/wsc-noc-dvfs/booksim2/sims,,1,sweep_cfg-flatfly_uniform_baseline_power_cap-1_uniform_target-0.02_dvfs_epoch-10000_dvfs_log_interval-10000_max_samples-5_use_netrace-1_netrace_file-home-nsutherland-wsc-6a82ef3f9f,,,,,,,,0.02,1
,,,,/home/nsutherland/wsc-noc-dvfs/booksim2/runfiles/flatfly_uniform_baseline.cfg,flatfly_uniform_baseline,,,,,10000,10000,255,,5,1,/home/nsutherland/wsc-noc-dvfs/sniper_trace_to_netrace/workloads/network_trace_merged.log.tra.bz2,1,,,/home/nsutherland/wsc-noc-dvfs/booksim2/sims,,1,sweep_cfg-flatfly_uniform_baseline_power_cap-1_uniform_target-0.03_dvfs_epoch-10000_dvfs_log_interval-10000_max_samples-5_use_netrace-1_netrace_file-home-nsutherland-wsc-86dd140a20,,,,,,,,0.03,1
,,,,/home/nsutherland/wsc-noc-dvfs/booksim2/runfiles/flatfly_uniform_baseline.cfg,flatfly_uniform_baseline,,,,,10000,10000,255,,5,1,/home/nsutherland/wsc-noc-dvfs/sniper_trace_to_netrace/workloads/network_trace_merged.log.tra.bz2,1,,,/home/nsutherland/wsc-noc-dvfs/booksim2/sims,,1,sweep_cfg-flatfly_uniform_baseline_power_cap-1_uniform_target-0.04_dvfs_epoch-10000_dvfs_log_interval-10000_max_samples-5_use_netrace-1_netrace_file-home-nsutherland-wsc-5f7ae30bca,,,,,,,,0.04,1
,,,,/home/nsutherland/wsc-noc-dvfs/booksim2/runfiles/flatfly_uniform_baseline.cfg,flatfly_uniform_baseline,,,,,10000,10000,255,,5,1,/home/nsutherland/wsc-noc-dvfs/sniper_trace_to_netrace/workloads/network_trace_merged.log.tra.bz2,1,,,/home/nsutherland/wsc-noc-dvfs/booksim2/sims,,1,sweep_cfg-flatfly_uniform_baseline_power_cap-1_uniform_target-0.05_dvfs_epoch-10000_dvfs_log_interval-10000_max_samples-5_use_netrace-1_netrace_file-home-nsutherland-wsc-498b0f3070,,,,,,,,0.05,1
,,,,/home/nsutherland/wsc-noc-dvfs/booksim2/runfiles/flatfly_uniform_baseline.cfg,flatfly_uniform_baseline,,,,,10000,10000,255,,5,1,/home/nsutherland/wsc-noc-dvfs/sniper_trace_to_netrace/workloads/network_trace_merged.log.tra.bz2,1,,,/home/nsutherland/wsc-noc-dvfs/booksim2/sims,,1,sweep_cfg-flatfly_uniform_baseline_power_cap-1_uniform_target-0.075_dvfs_epoch-10000_dvfs_log_interval-10000_max_samples-5_use_netrace-1_netrace_file-home-nsutherland-ws-28c9482b62,,,,,,,,0.075,1
,,,,/home/nsutherland/wsc-noc-dvfs/booksim2/runfiles/flatfly_uniform_baseline.cfg,flatfly_uniform_baseline,,,,,10000,10000,255,,5,1,/home/nsutherland/wsc-noc-dvfs/sniper_trace_to_netrace/workloads/network_trace_merged.log.tra.bz2,1,,,/home/nsutherland/wsc-noc-dvfs/booksim2/sims,,1,sweep_cfg-flatfly_uniform_baseline_power_cap-1_uniform_target-0.1_dvfs_epoch-10000_dvfs_log_interval-10000_max_samples-5_use_netrace-1_netrace_file-home-nsutherland-wsc--9730936311,,,,,,,,0.1,1
,,,,/home/nsutherland/wsc-noc-dvfs/booksim2/runfiles/flatfly_uniform_baseline.cfg,flatfly_uniform_baseline,,,,,10000,10000,255,,5,1,/home/nsutherland/wsc-noc-dvfs/sniper_trace_to_netrace/workloads/network_trace_merged.log.tra.bz2,1,,,/home/nsutherland/wsc-noc-dvfs/booksim2/sims,,1,sweep_cfg-flatfly_uniform_baseline_power_cap-1_uniform_target-0.15_dvfs_epoch-10000_dvfs_log_interval-10000_max_samples-5_use_netrace-1_netrace_file-home-nsutherland-wsc-36e9d42beb,,,,,,,,0.15,1
,,,,/home/nsutherland/wsc-noc-dvfs/booksim2/runfiles/flatfly_uniform_baseline.cfg,flatfly_uniform_baseline,,,,,10000,10000,255,,5,1,/home/nsutherland/wsc-noc-dvfs/sniper_trace_to_netrace/workloads/network_trace_merged.log.tra.bz2,1,,,/home/nsutherland/wsc-noc-dvfs/booksim2/sims,,1,sweep_cfg-flatfly_uniform_baseline_power_cap-1_uniform_target-0.2_dvfs_epoch-10000_dvfs_log_interval-10000_max_samples-5_use_netrace-1_netrace_file-home-nsutherland-wsc--6e4b5d8754,,,,,,,,0.2,1
,,,,/home/nsutherland/wsc-noc-dvfs/booksim2/runfiles/flatfly_uniform_baseline.cfg,flatfly_uniform_baseline,,,,,10000,10000,255,,5,1,/home/nsutherland/wsc-noc-dvfs/sniper_trace_to_netrace/workloads/network_trace_merged.log.tra.bz2,1,,,/home/nsutherland/wsc-noc-dvfs/booksim2/sims,,1,sweep_cfg-flatfly_uniform_baseline_power_cap-1_uniform_target-0.3_dvfs_epoch-10000_dvfs_log_interval-10000_max_samples-5_use_netrace-1_netrace_file-home-nsutherland-wsc--36c9bc8cba,,,,,,,,0.3,1
,,,,/home/nsutherland/wsc-noc-dvfs/booksim2/runfiles/flatfly_uniform_baseline.cfg,flatfly_uniform_baseline,,,,,10000,10000,255,,5,1,/home/nsutherland/wsc-noc-dvfs/sniper_trace_to_netrace/workloads/network_trace_merged.log.tra.bz2,1,,,/home/nsutherland/wsc-noc-dvfs/booksim2/sims,,1,sweep_cfg-flatfly_uniform_baseline_power_cap-1_uniform_target-0.4_dvfs_epoch-10000_dvfs_log_interval-10000_max_samples-5_use_netrace-1_netrace_file-home-nsutherland-wsc--c9441cc01b,,,,,,,,0.4,1
,,,,/home/nsutherland/wsc-noc-dvfs/booksim2/runfiles/flatfly_uniform_baseline.cfg,flatfly_uniform_baseline,,,,,10000,10000,255,,5,1,/home/nsutherland/wsc-noc-dvfs/sniper_trace_to_netrace/workloads/network_trace_merged.log.tra.bz2,1,,,/home/nsutherland/wsc-noc-dvfs/booksim2/sims,,1,sweep_cfg-flatfly_uniform_baseline_power_cap-1_uniform_target-0.6_dvfs_epoch-10000_dvfs_log_interval-10000_max_samples-5_use_netrace-1_netrace_file-home-nsutherland-wsc--593d5a5e03,,,,,,,,0.6,1
,,,,/home/nsutherland/wsc-noc-dvfs/booksim2/runfiles/flatfly_uniform_baseline.cfg,flatfly_uniform_baseline,,,,,10000,10000,255,,5,1,/home/nsutherland/wsc-noc-dvfs/sniper_trace_to_netrace/workloads/network_trace_merged.log.tra.bz2,1,,,/home/nsutherland/wsc-noc-dvfs/booksim2/sims,,1,sweep_cfg-flatfly_uniform_baseline_power_cap-1_uniform_target-1_dvfs_epoch-10000_dvfs_log_interval-10000_max_samples-5_use_netrace-1_netrace_file-home-nsutherland-wsc-no-5135ba76ee,,,,,,,,1,1
,,,14.0,/home/nsutherland/wsc-noc-dvfs/booksim2/runfiles/flatfly_uniform_baseline.cfg,flatfly_uniform_baseline,,,,0.0,10000,10000,1,0.462386,5,1,/home/nsutherland/wsc-noc-dvfs/sniper_trace_to_netrace/workloads/network_trace_merged.log.tra.bz2,1,,,/home/nsutherland/wsc-noc-dvfs/booksim2/sims,,1.1,sweep_cfg-flatfly_uniform_baseline_power_cap-1.1_uniform_target-0.005_dvfs_epoch-10000_dvfs_log_interval-10000_max_samples-5_use_netrace-1_netrace_file-home-nsutherland--6b9c679f36,0.0116312,0.00989375,,,,,0.637614,0.005,1
,,,14.0,/home/nsutherland/wsc-noc-dvfs/booksim2/runfiles/flatfly_uniform_baseline.cfg,flatfly_uniform_baseline,,,,0.0,10000,10000,1,0.462386,5,1,/home/nsutherland/wsc-noc-dvfs/sniper_trace_to_netrace/workloads/network_trace_merged.log.tra.bz2,1,,,/home/nsutherland/wsc-noc-dvfs/booksim2/sims,,1.1,sweep_cfg-flatfly_uniform_baseline_power_cap-1.1_uniform_target-0.01_dvfs_epoch-10000_dvfs_log_interval-10000_max_samples-5_use_netrace-1_netrace_file-home-nsutherland-w-0c0698de0d,0.0116312,0.00989375,,,,,0.637614,0.01,1
,,,14.0,/home/nsutherland/wsc-noc-dvfs/booksim2/runfiles/flatfly_uniform_baseline.cfg,flatfly_uniform_baseline,,,,0.0,10000,10000,1,0.462386,5,1,/home/nsutherland/wsc-noc-dvfs/sniper_trace_to_netrace/workloads/network_trace_merged.log.tra.bz2,1,,,/home/nsutherland/wsc-noc-dvfs/booksim2/sims,,1.1,sweep_cfg-flatfly_uniform_baseline_power_cap-1.1_uniform_target-0.015_dvfs_epoch-10000_dvfs_log_interval-10000_max_samples-5_use_netrace-1_netrace_file-home-nsutherland--192998b009,0.0116312,0.00989375,,,,,0.637614,0.015,1
,,,14.0,/home/nsutherland/wsc-noc-dvfs/booksim2/runfiles/flatfly_uniform_baseline.cfg,flatfly_uniform_baseline,,,,0.0,10000,10000,1,0.462386,5,1,/home/nsutherland/wsc-noc-dvfs/sniper_trace_to_netrace/workloads/network_trace_merged.log.tra.bz2,1,,,/home/nsutherland/wsc-noc-dvfs/booksim2/sims,,1.1,sweep_cfg-flatfly_uniform_baseline_power_cap-1.1_uniform_target-0.02_dvfs_epoch-10000_dvfs_log_interval-10000_max_samples-5_use_netrace-1_netrace_file-home-nsutherland-w-dcec4f2fad,0.0116312,0.00989375,,,,,0.637614,0.02,1
,,,14.0,/home/nsutherland/wsc-noc-dvfs/booksim2/runfiles/flatfly_uniform_baseline.cfg,flatfly_uniform_baseline,,,,0.0,10000,10000,1,0.462386,5,1,/home/nsutherland/wsc-noc-dvfs/sniper_trace_to_netrace/workloads/network_trace_merged.log.tra.bz2,1,,,/home/nsutherland/wsc-noc-dvfs/booksim2/sims,,1.1,sweep_cfg-flatfly_uniform_baseline_power_cap-1.1_uniform_target-0.03_dvfs_epoch-10000_dvfs_log_interval-10000_max_samples-5_use_netrace-1_netrace_file-home-nsutherland-w-3fa6615037,0.0116312,0.00989375,,,,,0.637614,0.03,1
,,,14.0,/home/nsutherland/wsc-noc-dvfs/booksim2/runfiles/flatfly_uniform_baseline.cfg,flatfly_uniform_baseline,,,,0.0,10000,10000,1,0.462386,5,1,/home/nsutherland/wsc-noc-dvfs/sniper_trace_to_netrace/workloads/network_trace_merged.log.tra.bz2,1,,,/home/nsutherland/wsc-noc-dvfs/booksim2/sims,,1.1,sweep_cfg-flatfly_uniform_baseline_power_cap-1.1_uniform_target-0.04_dvfs_epoch-10000_dvfs_log_interval-10000_max_samples-5_use_netrace-1_netrace_file-home-nsutherland-w-1200ce2cbb,0.0116312,0.00989375,,,,,0.637614,0.04,1
,,,14.0,/home/nsutherland/wsc-noc-dvfs/booksim2/runfiles/flatfly_uniform_baseline.cfg,flatfly_uniform_baseline,,,,0.0,10000,10000,1,0.462386,5,1,/home/nsutherland/wsc-noc-dvfs/sniper_trace_to_netrace/workloads/network_trace_merged.log.tra.bz2,1,,,/home/nsutherland/wsc-noc-dvfs/booksim2/sims,,1.1,sweep_cfg-flatfly_uniform_baseline_power_cap-1.1_uniform_target-0.05_dvfs_epoch-10000_dvfs_log_interval-10000_max_samples-5_use_netrace-1_netrace_file-home-nsutherland-w-5c6754206b,0.0116312,0.00989375,,,,,0.637614,0.05,1
,,,14.0,/home/nsutherland/wsc-noc-dvfs/booksim2/runfiles/flatfly_uniform_baseline.cfg,flatfly_uniform_baseline,,,,0.0,10000,10000,1,0.462386,5,1,/home/nsutherland/wsc-noc-dvfs/sniper_trace_to_netrace/workloads/network_trace_merged.log.tra.bz2,1,,,/home/nsutherland/wsc-noc-dvfs/booksim2/sims,,1.1,sweep_cfg-flatfly_uniform_baseline_power_cap-1.1_uniform_target-0.075_dvfs_epoch-10000_dvfs_log_interval-10000_max_samples-5_use_netrace-1_netrace_file-home-nsutherland--110ea1573b,0.0116312,0.00989375,,,,,0.637614,0.075,1
,,,14.0,/home/nsutherland/wsc-noc-dvfs/booksim2/runfiles/flatfly_uniform_baseline.cfg,flatfly_uniform_baseline,,,,0.0,10000,10000,1,0.462386,5,1,/home/nsutherland/wsc-noc-dvfs/sniper_trace_to_netrace/workloads/network_trace_merged.log.tra.bz2,1,,,/home/nsutherland/wsc-noc-dvfs/booksim2/sims,,1.1,sweep_cfg-flatfly_uniform_baseline_power_cap-1.1_uniform_target-0.1_dvfs_epoch-10000_dvfs_log_interval-10000_max_samples-5_use_netrace-1_netrace_file-home-nsutherland-ws-7d04aefa91,0.0116312,0.00989375,,,,,0.637614,0.1,1
,,,25953.0,/home/nsutherland/wsc-noc-dvfs/booksim2/runfiles/flatfly_uniform_baseline.cfg,flatfly_uniform_baseline,,,,22579.0,10000,10000,1,0.462386,5,1,/home/nsutherland/wsc-noc-dvfs/sniper_trace_to_netrace/workloads/network_trace_merged.log.tra.bz2,1,,,/home/nsutherland/wsc-noc-dvfs/booksim2/sims,,1.1,sweep_cfg-flatfly_uniform_baseline_power_cap-1.1_uniform_target-0.15_dvfs_epoch-10000_dvfs_log_interval-10000_max_samples-5_use_netrace-1_netrace_file-home-nsutherland-w-779941bf92,0.0902562,0.0841563,,,,,0.637614,0.15,1
40,1042,5291,4760.0,/home/nsutherland/wsc-noc-dvfs/booksim2/runfiles/flatfly_uniform_baseline.cfg,flatfly_uniform_baseline,39,447,1719,0.0,10000,10000,0,0.462386,5,1,/home/nsutherland/wsc-noc-dvfs/sniper_trace_to_netrace/workloads/network_trace_merged.log.tra.bz2,1,0.6,0.6,/home/nsutherland/wsc-noc-dvfs/booksim2/sims,uniform,1.1,sweep_cfg-flatfly_uniform_baseline_power_cap-1.1_uniform_target-0.2_dvfs_epoch-10000_dvfs_log_interval-10000_max_samples-5_use_netrace-1_netrace_file-home-nsutherland-ws-1821da2dc8,0.0909937,0.0805875,3.077952297847586,0.0857973,0.0845252,0.19662,0.637614,0.2,1
26,90,170,14.0,/home/nsutherland/wsc-noc-dvfs/booksim2/runfiles/flatfly_uniform_baseline.cfg,flatfly_uniform_baseline,26,87,261,0.0,10000,10000,0,0.462386,5,1,/home/nsutherland/wsc-noc-dvfs/sniper_trace_to_netrace/workloads/network_trace_merged.log.tra.bz2,1,0.6,0.6,/home/nsutherland/wsc-noc-dvfs/booksim2/sims,uniform,1.1,sweep_cfg-flatfly_uniform_baseline_power_cap-1.1_uniform_target-0.3_dvfs_epoch-10000_dvfs_log_interval-10000_max_samples-5_use_netrace-1_netrace_file-home-nsutherland-ws-50f43de902,0.0618,0.05285,0.6513409961685823,0.0928055,0.0918102,0.27895,0.637614,0.3,1
21,61,97,14.0,/home/nsutherland/wsc-noc-dvfs/booksim2/runfiles/flatfly_uniform_baseline.cfg,flatfly_uniform_baseline,21,59,102,0.0,10000,10000,0,0.462386,5,1,/home/nsutherland/wsc-noc-dvfs/sniper_trace_to_netrace/workloads/network_trace_merged.log.tra.bz2,1,0.6,0.6,/home/nsutherland/wsc-noc-dvfs/booksim2/sims,uniform,1.1,sweep_cfg-flatfly_uniform_baseline_power_cap-1.1_uniform_target-0.4_dvfs_epoch-10000_dvfs_log_interval-10000_max_samples-5_use_netrace-1_netrace_file-home-nsutherland-ws-cc130c494c,0.0494187,0.03985,0.9509803921568627,0.0935385,0.0925491,0.361505,0.637614,0.4,1
15,40,58,14.0,/home/nsutherland/wsc-noc-dvfs/booksim2/runfiles/flatfly_uniform_baseline.cfg,flatfly_uniform_baseline,15,37,55,0.0,10000,10000,0,0.449644,5,1,/home/nsutherland/wsc-noc-dvfs/sniper_trace_to_netrace/workloads/network_trace_merged.log.tra.bz2,1,0.6,0.6,/home/nsutherland/wsc-noc-dvfs/booksim2/sims,uniform,1.1,sweep_cfg-flatfly_uniform_baseline_power_cap-1.1_uniform_target-0.6_dvfs_epoch-10000_dvfs_log_interval-10000_max_samples-5_use_netrace-1_netrace_file-home-nsutherland-ws-d667453f5e,0.03285,0.0261187,1.0545454545454545,0.0945207,0.0934585,0.526483,0.650356,0.6,1
,,,,/home/nsutherland/wsc-noc-dvfs/booksim2/runfiles/flatfly_uniform_baseline.cfg,flatfly_uniform_baseline,,,,,10000,10000,255,,5,1,/home/nsutherland/wsc-noc-dvfs/sniper_trace_to_netrace/workloads/network_trace_merged.log.tra.bz2,1,,,/home/nsutherland/wsc-noc-dvfs/booksim2/sims,,1.1,sweep_cfg-flatfly_uniform_baseline_power_cap-1.1_uniform_target-1_dvfs_epoch-10000_dvfs_log_interval-10000_max_samples-5_use_netrace-1_netrace_file-home-nsutherland-wsc--b890630bff,,,,,,,,1,1
,,,14.0,/home/nsutherland/wsc-noc-dvfs/booksim2/runfiles/flatfly_uniform_baseline.cfg,flatfly_uniform_baseline,,,,0.0,10000,10000,1,0.562386,5,1,/home/nsutherland/wsc-noc-dvfs/sniper_trace_to_netrace/workloads/network_trace_merged.log.tra.bz2,1,,,/home/nsutherland/wsc-noc-dvfs/booksim2/sims,,1.2,sweep_cfg-flatfly_uniform_baseline_power_cap-1.2_uniform_target-0.005_dvfs_epoch-10000_dvfs_log_interval-10000_max_samples-5_use_netrace-1_netrace_file-home-nsutherland--b1dfbb660f,0.0116312,0.00989375,,,,,0.637614,0.005,1
,,,14.0,/home/nsutherland/wsc-noc-dvfs/booksim2/runfiles/flatfly_uniform_baseline.cfg,flatfly_uniform_baseline,,,,0.0,10000,10000,1,0.562386,5,1,/home/nsutherland/wsc-noc-dvfs/sniper_trace_to_netrace/workloads/network_trace_merged.log.tra.bz2,1,,,/home/nsutherland/wsc-noc-dvfs/booksim2/sims,,1.2,sweep_cfg-flatfly_uniform_baseline_power_cap-1.2_uniform_target-0.01_dvfs_epoch-10000_dvfs_log_interval-10000_max_samples-5_use_netrace-1_netrace_file-home-nsutherland-w-8ab057ec96,0.0116312,0.00989375,,,,,0.637614,0.01,1
,,,14.0,/home/nsutherland/wsc-noc-dvfs/booksim2/runfiles/flatfly_uniform_baseline.cfg,flatfly_uniform_baseline,,,,0.0,10000,10000,1,0.562386,5,1,/home/nsutherland/wsc-noc-dvfs/sniper_trace_to_netrace/workloads/network_trace_merged.log.tra.bz2,1,,,/home/nsutherland/wsc-noc-dvfs/booksim2/sims,,1.2,sweep_cfg-flatfly_uniform_baseline_power_cap-1.2_uniform_target-0.015_dvfs_epoch-10000_dvfs_log_interval-10000_max_samples-5_use_netrace-1_netrace_file-home-nsutherland--1631c57abe,0.0116312,0.00989375,,,,,0.637614,0.015,1
,,,14.0,/home/nsutherland/wsc-noc-dvfs/booksim2/runfiles/flatfly_uniform_baseline.cfg,flatfly_uniform_baseline,,,,0.0,10000,10000,1,0.562386,5,1,/home/nsutherland/wsc-noc-dvfs/sniper_trace_to_netrace/workloads/network_trace_merged.log.tra.bz2,1,,,/home/nsutherland/wsc-noc-dvfs/booksim2/sims,,1.2,sweep_cfg-flatfly_uniform_baseline_power_cap-1.2_uniform_target-0.02_dvfs_epoch-10000_dvfs_log_interval-10000_max_samples-5_use_netrace-1_netrace_file-home-nsutherland-w-e103a91b9e,0.0116312,0.00989375,,,,,0.637614,0.02,1
,,,14.0,/home/nsutherland/wsc-noc-dvfs/booksim2/runfiles/flatfly_uniform_baseline.cfg,flatfly_uniform_baseline,,,,0.0,10000,10000,1,0.562386,5,1,/home/nsutherland/wsc-noc-dvfs/sniper_trace_to_netrace/workloads/network_trace_merged.log.tra.bz2,1,,,/home/nsutherland/wsc-noc-dvfs/booksim2/sims,,1.2,sweep_cfg-flatfly_uniform_baseline_power_cap-1.2_uniform_target-0.03_dvfs_epoch-10000_dvfs_log_interval-10000_max_samples-5_use_netrace-1_netrace_file-home-nsutherland-w-ce96a7c13c,0.0116312,0.00989375,,,,,0.637614,0.03,1
,,,14.0,/home/nsutherland/wsc-noc-dvfs/booksim2/runfiles/flatfly_uniform_baseline.cfg,flatfly_uniform_baseline,,,,0.0,10000,10000,1,0.562386,5,1,/home/nsutherland/wsc-noc-dvfs/sniper_trace_to_netrace/workloads/network_trace_merged.log.tra.bz2,1,,,/home/nsutherland/wsc-noc-dvfs/booksim2/sims,,1.2,sweep_cfg-flatfly_uniform_baseline_power_cap-1.2_uniform_target-0.04_dvfs_epoch-10000_dvfs_log_interval-10000_max_samples-5_use_netrace-1_netrace_file-home-nsutherland-w-058139a955,0.0116312,0.00989375,,,,,0.637614,0.04,1
,,,14.0,/home/nsutherland/wsc-noc-dvfs/booksim2/runfiles/flatfly_uniform_baseline.cfg,flatfly_uniform_baseline,,,,0.0,10000,10000,1,0.562386,5,1,/home/nsutherland/wsc-noc-dvfs/sniper_trace_to_netrace/workloads/network_trace_merged.log.tra.bz2,1,,,/home/nsutherland/wsc-noc-dvfs/booksim2/sims,,1.2,sweep_cfg-flatfly_uniform_baseline_power_cap-1.2_uniform_target-0.05_dvfs_epoch-10000_dvfs_log_interval-10000_max_samples-5_use_netrace-1_netrace_file-home-nsutherland-w-b6a0759b96,0.0116312,0.00989375,,,,,0.637614,0.05,1
,,,14.0,/home/nsutherland/wsc-noc-dvfs/booksim2/runfiles/flatfly_uniform_baseline.cfg,flatfly_uniform_baseline,,,,0.0,10000,10000,1,0.562386,5,1,/home/nsutherland/wsc-noc-dvfs/sniper_trace_to_netrace/workloads/network_trace_merged.log.tra.bz2,1,,,/home/nsutherland/wsc-noc-dvfs/booksim2/sims,,1.2,sweep_cfg-flatfly_uniform_baseline_power_cap-1.2_uniform_target-0.075_dvfs_epoch-10000_dvfs_log_interval-10000_max_samples-5_use_netrace-1_netrace_file-home-nsutherland--4450b5f2a8,0.0116312,0.00989375,,,,,0.637614,0.075,1
,,,14.0,/home/nsutherland/wsc-noc-dvfs/booksim2/runfiles/flatfly_uniform_baseline.cfg,flatfly_uniform_baseline,,,,0.0,10000,10000,1,0.562386,5,1,/home/nsutherland/wsc-noc-dvfs/sniper_trace_to_netrace/workloads/network_trace_merged.log.tra.bz2,1,,,/home/nsutherland/wsc-noc-dvfs/booksim2/sims,,1.2,sweep_cfg-flatfly_uniform_baseline_power_cap-1.2_uniform_target-0.1_dvfs_epoch-10000_dvfs_log_interval-10000_max_samples-5_use_netrace-1_netrace_file-home-nsutherland-ws-b34a13c74f,0.0116312,0.00989375,,,,,0.637614,0.1,1
,,,25953.0,/home/nsutherland/wsc-noc-dvfs/booksim2/runfiles/flatfly_uniform_baseline.cfg,flatfly_uniform_baseline,,,,22579.0,10000,10000,1,0.562386,5,1,/home/nsutherland/wsc-noc-dvfs/sniper_trace_to_netrace/workloads/network_trace_merged.log.tra.bz2,1,,,/home/nsutherland/wsc-noc-dvfs/booksim2/sims,,1.2,sweep_cfg-flatfly_uniform_baseline_power_cap-1.2_uniform_target-0.15_dvfs_epoch-10000_dvfs_log_interval-10000_max_samples-5_use_netrace-1_netrace_file-home-nsutherland-w-c82b57a5ab,0.0902562,0.0841563,,,,,0.637614,0.15,1
40,1042,5291,4760.0,/home/nsutherland/wsc-noc-dvfs/booksim2/runfiles/flatfly_uniform_baseline.cfg,flatfly_uniform_baseline,39,447,1719,0.0,10000,10000,0,0.562386,5,1,/home/nsutherland/wsc-noc-dvfs/sniper_trace_to_netrace/workloads/network_trace_merged.log.tra.bz2,1,0.6,0.6,/home/nsutherland/wsc-noc-dvfs/booksim2/sims,uniform,1.2,sweep_cfg-flatfly_uniform_baseline_power_cap-1.2_uniform_target-0.2_dvfs_epoch-10000_dvfs_log_interval-10000_max_samples-5_use_netrace-1_netrace_file-home-nsutherland-ws-b52fed8cc0,0.0909937,0.0805875,3.077952297847586,0.0857973,0.0845252,0.19662,0.637614,0.2,1
26,90,170,14.0,/home/nsutherland/wsc-noc-dvfs/booksim2/runfiles/flatfly_uniform_baseline.cfg,flatfly_uniform_baseline,26,87,261,0.0,10000,10000,0,0.562386,5,1,/home/nsutherland/wsc-noc-dvfs/sniper_trace_to_netrace/workloads/network_trace_merged.log.tra.bz2,1,0.6,0.6,/home/nsutherland/wsc-noc-dvfs/booksim2/sims,uniform,1.2,sweep_cfg-flatfly_uniform_baseline_power_cap-1.2_uniform_target-0.3_dvfs_epoch-10000_dvfs_log_interval-10000_max_samples-5_use_netrace-1_netrace_file-home-nsutherland-ws-5ec22c1f1b,0.0618,0.05285,0.6513409961685823,0.0928055,0.0918102,0.27895,0.637614,0.3,1
21,61,97,14.0,/home/nsutherland/wsc-noc-dvfs/booksim2/runfiles/flatfly_uniform_baseline.cfg,flatfly_uniform_baseline,21,59,102,0.0,10000,10000,0,0.562386,5,1,/home/nsutherland/wsc-noc-dvfs/sniper_trace_to_netrace/workloads/network_trace_merged.log.tra.bz2,1,0.6,0.6,/home/nsutherland/wsc-noc-dvfs/booksim2/sims,uniform,1.2,sweep_cfg-flatfly_uniform_baseline_power_cap-1.2_uniform_target-0.4_dvfs_epoch-10000_dvfs_log_interval-10000_max_samples-5_use_netrace-1_netrace_file-home-nsutherland-ws-267ec0a88f,0.0494187,0.03985,0.9509803921568627,0.0935385,0.0925491,0.361505,0.637614,0.4,1
15,40,58,14.0,/home/nsutherland/wsc-noc-dvfs/booksim2/runfiles/flatfly_uniform_baseline.cfg,flatfly_uniform_baseline,15,37,55,0.0,10000,10000,0,0.549644,5,1,/home/nsutherland/wsc-noc-dvfs/sniper_trace_to_netrace/workloads/network_trace_merged.log.tra.bz2,1,0.6,0.6,/home/nsutherland/wsc-noc-dvfs/booksim2/sims,uniform,1.2,sweep_cfg-flatfly_uniform_baseline_power_cap-1.2_uniform_target-0.6_dvfs_epoch-10000_dvfs_log_interval-10000_max_samples-5_use_netrace-1_netrace_file-home-nsutherland-ws-12198d96f9,0.03285,0.0261187,1.0545454545454545,0.0945207,0.0934585,0.526483,0.650356,0.6,1
,,,,/home/nsutherland/wsc-noc-dvfs/booksim2/runfiles/flatfly_uniform_baseline.cfg,flatfly_uniform_baseline,,,,,10000,10000,255,,5,1,/home/nsutherland/wsc-noc-dvfs/sniper_trace_to_netrace/workloads/network_trace_merged.log.tra.bz2,1,,,/home/nsutherland/wsc-noc-dvfs/booksim2/sims,,1.2,sweep_cfg-flatfly_uniform_baseline_power_cap-1.2_uniform_target-1_dvfs_epoch-10000_dvfs_log_interval-10000_max_samples-5_use_netrace-1_netrace_file-home-nsutherland-wsc--583eeea3cd,,,,,,,,1,1
,,,14.0,/home/nsutherland/wsc-noc-dvfs/booksim2/runfiles/flatfly_uniform_baseline.cfg,flatfly_uniform_baseline,,,,0.0,10000,10000,1,0.662386,5,1,/home/nsutherland/wsc-noc-dvfs/sniper_trace_to_netrace/workloads/network_trace_merged.log.tra.bz2,1,,,/home/nsutherland/wsc-noc-dvfs/booksim2/sims,,1.3,sweep_cfg-flatfly_uniform_baseline_power_cap-1.3_uniform_target-0.005_dvfs_epoch-10000_dvfs_log_interval-10000_max_samples-5_use_netrace-1_netrace_file-home-nsutherland--41220252ed,0.0116312,0.00989375,,,,,0.637614,0.005,1
,,,14.0,/home/nsutherland/wsc-noc-dvfs/booksim2/runfiles/flatfly_uniform_baseline.cfg,flatfly_uniform_baseline,,,,0.0,10000,10000,1,0.662386,5,1,/home/nsutherland/wsc-noc-dvfs/sniper_trace_to_netrace/workloads/network_trace_merged.log.tra.bz2,1,,,/home/nsutherland/wsc-noc-dvfs/booksim2/sims,,1.3,sweep_cfg-flatfly_uniform_baseline_power_cap-1.3_uniform_target-0.01_dvfs_epoch-10000_dvfs_log_interval-10000_max_samples-5_use_netrace-1_netrace_file-home-nsutherland-w-7c5c208695,0.0116312,0.00989375,,,,,0.637614,0.01,1
,,,14.0,/home/nsutherland/wsc-noc-dvfs/booksim2/runfiles/flatfly_uniform_baseline.cfg,flatfly_uniform_baseline,,,,0.0,10000,10000,1,0.662386,5,1,/home/nsutherland/wsc-noc-dvfs/sniper_trace_to_netrace/workloads/network_trace_merged.log.tra.bz2,1,,,/home/nsutherland/wsc-noc-dvfs/booksim2/sims,,1.3,sweep_cfg-flatfly_uniform_baseline_power_cap-1.3_uniform_target-0.015_dvfs_epoch-10000_dvfs_log_interval-10000_max_samples-5_use_netrace-1_netrace_file-home-nsutherland--6056f4bac1,0.0116312,0.00989375,,,,,0.637614,0.015,1
,,,14.0,/home/nsutherland/wsc-noc-dvfs/booksim2/runfiles/flatfly_uniform_baseline.cfg,flatfly_uniform_baseline,,,,0.0,10000,10000,1,0.662386,5,1,/home/nsutherland/wsc-noc-dvfs/sniper_trace_to_netrace/workloads/network_trace_merged.log.tra.bz2,1,,,/home/nsutherland/wsc-noc-dvfs/booksim2/sims,,1.3,sweep_cfg-flatfly_uniform_baseline_power_cap-1.3_uniform_target-0.02_dvfs_epoch-10000_dvfs_log_interval-10000_max_samples-5_use_netrace-1_netrace_file-home-nsutherland-w-ec130d9916,0.0116312,0.00989375,,,,,0.637614,0.02,1
,,,14.0,/home/nsutherland/wsc-noc-dvfs/booksim2/runfiles/flatfly_uniform_baseline.cfg,flatfly_uniform_baseline,,,,0.0,10000,10000,1,0.662386,5,1,/home/nsutherland/wsc-noc-dvfs/sniper_trace_to_netrace/workloads/network_trace_merged.log.tra.bz2,1,,,/home/nsutherland/wsc-noc-dvfs/booksim2/sims,,1.3,sweep_cfg-flatfly_uniform_baseline_power_cap-1.3_uniform_target-0.03_dvfs_epoch-10000_dvfs_log_interval-10000_max_samples-5_use_netrace-1_netrace_file-home-nsutherland-w-2ae4a79791,0.0116312,0.00989375,,,,,0.637614,0.03,1
,,,14.0,/home/nsutherland/wsc-noc-dvfs/booksim2/runfiles/flatfly_uniform_baseline.cfg,flatfly_uniform_baseline,,,,0.0,10000,10000,1,0.662386,5,1,/home/nsutherland/wsc-noc-dvfs/sniper_trace_to_netrace/workloads/network_trace_merged.log.tra.bz2,1,,,/home/nsutherland/wsc-noc-dvfs/booksim2/sims,,1.3,sweep_cfg-flatfly_uniform_baseline_power_cap-1.3_uniform_target-0.04_dvfs_epoch-10000_dvfs_log_interval-10000_max_samples-5_use_netrace-1_netrace_file-home-nsutherland-w-4a67e916e5,0.0116312,0.00989375,,,,,0.637614,0.04,1
,,,14.0,/home/nsutherland/wsc-noc-dvfs/booksim2/runfiles/flatfly_uniform_baseline.cfg,flatfly_uniform_baseline,,,,0.0,10000,10000,1,0.662386,5,1,/home/nsutherland/wsc-noc-dvfs/sniper_trace_to_netrace/workloads/network_trace_merged.log.tra.bz2,1,,,/home/nsutherland/wsc-noc-dvfs/booksim2/sims,,1.3,sweep_cfg-flatfly_uniform_baseline_power_cap-1.3_uniform_target-0.05_dvfs_epoch-10000_dvfs_log_interval-10000_max_samples-5_use_netrace-1_netrace_file-home-nsutherland-w-18f41e3cd6,0.0116312,0.00989375,,,,,0.637614,0.05,1
,,,14.0,/home/nsutherland/wsc-noc-dvfs/booksim2/runfiles/flatfly_uniform_baseline.cfg,flatfly_uniform_baseline,,,,0.0,10000,10000,1,0.662386,5,1,/home/nsutherland/wsc-noc-dvfs/sniper_trace_to_netrace/workloads/network_trace_merged.log.tra.bz2,1,,,/home/nsutherland/wsc-noc-dvfs/booksim2/sims,,1.3,sweep_cfg-flatfly_uniform_baseline_power_cap-1.3_uniform_target-0.075_dvfs_epoch-10000_dvfs_log_interval-10000_max_samples-5_use_netrace-1_netrace_file-home-nsutherland--acaa0a087c,0.0116312,0.00989375,,,,,0.637614,0.075,1
,,,14.0,/home/nsutherland/wsc-noc-dvfs/booksim2/runfiles/flatfly_uniform_baseline.cfg,flatfly_uniform_baseline,,,,0.0,10000,10000,1,0.662386,5,1,/home/nsutherland/wsc-noc-dvfs/sniper_trace_to_netrace/workloads/network_trace_merged.log.tra.bz2,1,,,/home/nsutherland/wsc-noc-dvfs/booksim2/sims,,1.3,sweep_cfg-flatfly_uniform_baseline_power_cap-1.3_uniform_target-0.1_dvfs_epoch-10000_dvfs_log_interval-10000_max_samples-5_use_netrace-1_netrace_file-home-nsutherland-ws-70af57334d,0.0116312,0.00989375,,,,,0.637614,0.1,1
,,,25953.0,/home/nsutherland/wsc-noc-dvfs/booksim2/runfiles/flatfly_uniform_baseline.cfg,flatfly_uniform_baseline,,,,22579.0,10000,10000,1,0.662386,5,1,/home/nsutherland/wsc-noc-dvfs/sniper_trace_to_netrace/workloads/network_trace_merged.log.tra.bz2,1,,,/home/nsutherland/wsc-noc-dvfs/booksim2/sims,,1.3,sweep_cfg-flatfly_uniform_baseline_power_cap-1.3_uniform_target-0.15_dvfs_epoch-10000_dvfs_log_interval-10000_max_samples-5_use_netrace-1_netrace_file-home-nsutherland-w-67c3f7f4be,0.0902562,0.0841563,,,,,0.637614,0.15,1
40,1042,5291,4760.0,/home/nsutherland/wsc-noc-dvfs/booksim2/runfiles/flatfly_uniform_baseline.cfg,flatfly_uniform_baseline,39,447,1719,0.0,10000,10000,0,0.662386,5,1,/home/nsutherland/wsc-noc-dvfs/sniper_trace_to_netrace/workloads/network_trace_merged.log.tra.bz2,1,0.6,0.6,/home/nsutherland/wsc-noc-dvfs/booksim2/sims,uniform,1.3,sweep_cfg-flatfly_uniform_baseline_power_cap-1.3_uniform_target-0.2_dvfs_epoch-10000_dvfs_log_interval-10000_max_samples-5_use_netrace-1_netrace_file-home-nsutherland-ws-26495acf97,0.0909937,0.0805875,3.077952297847586,0.0857973,0.0845252,0.19662,0.637614,0.2,1
26,90,170,14.0,/home/nsutherland/wsc-noc-dvfs/booksim2/runfiles/flatfly_uniform_baseline.cfg,flatfly_uniform_baseline,26,87,261,0.0,10000,10000,0,0.662386,5,1,/home/nsutherland/wsc-noc-dvfs/sniper_trace_to_netrace/workloads/network_trace_merged.log.tra.bz2,1,0.6,0.6,/home/nsutherland/wsc-noc-dvfs/booksim2/sims,uniform,1.3,sweep_cfg-flatfly_uniform_baseline_power_cap-1.3_uniform_target-0.3_dvfs_epoch-10000_dvfs_log_interval-10000_max_samples-5_use_netrace-1_netrace_file-home-nsutherland-ws-90c03ad573,0.0618,0.05285,0.6513409961685823,0.0928055,0.0918102,0.27895,0.637614,0.3,1
21,61,97,14.0,/home/nsutherland/wsc-noc-dvfs/booksim2/runfiles/flatfly_uniform_baseline.cfg,flatfly_uniform_baseline,21,59,102,0.0,10000,10000,0,0.662386,5,1,/home/nsutherland/wsc-noc-dvfs/sniper_trace_to_netrace/workloads/network_trace_merged.log.tra.bz2,1,0.6,0.6,/home/nsutherland/wsc-noc-dvfs/booksim2/sims,uniform,1.3,sweep_cfg-flatfly_uniform_baseline_power_cap-1.3_uniform_target-0.4_dvfs_epoch-10000_dvfs_log_interval-10000_max_samples-5_use_netrace-1_netrace_file-home-nsutherland-ws-5a590d78f9,0.0494187,0.03985,0.9509803921568627,0.0935385,0.0925491,0.361505,0.637614,0.4,1
15,40,58,14.0,/home/nsutherland/wsc-noc-dvfs/booksim2/runfiles/flatfly_uniform_baseline.cfg,flatfly_uniform_baseline,15,37,55,0.0,10000,10000,0,0.649644,5,1,/home/nsutherland/wsc-noc-dvfs/sniper_trace_to_netrace/workloads/network_trace_merged.log.tra.bz2,1,0.6,0.6,/home/nsutherland/wsc-noc-dvfs/booksim2/sims,uniform,1.3,sweep_cfg-flatfly_uniform_baseline_power_cap-1.3_uniform_target-0.6_dvfs_epoch-10000_dvfs_log_interval-10000_max_samples-5_use_netrace-1_netrace_file-home-nsutherland-ws-9cf5b42ff0,0.03285,0.0261187,1.0545454545454545,0.0945207,0.0934585,0.526483,0.650356,0.6,1
,,,,/home/nsutherland/wsc-noc-dvfs/booksim2/runfiles/flatfly_uniform_baseline.cfg,flatfly_uniform_baseline,,,,,10000,10000,255,,5,1,/home/nsutherland/wsc-noc-dvfs/sniper_trace_to_netrace/workloads/network_trace_merged.log.tra.bz2,1,,,/home/nsutherland/wsc-noc-dvfs/booksim2/sims,,1.3,sweep_cfg-flatfly_uniform_baseline_power_cap-1.3_uniform_target-1_dvfs_epoch-10000_dvfs_log_interval-10000_max_samples-5_use_netrace-1_netrace_file-home-nsutherland-wsc--376b784313,,,,,,,,1,1
,,,14.0,/home/nsutherland/wsc-noc-dvfs/booksim2/runfiles/flatfly_uniform_baseline.cfg,flatfly_uniform_baseline,,,,0.0,10000,10000,1,0.762386,5,1,/home/nsutherland/wsc-noc-dvfs/sniper_trace_to_netrace/workloads/network_trace_merged.log.tra.bz2,1,,,/home/nsutherland/wsc-noc-dvfs/booksim2/sims,,1.4,sweep_cfg-flatfly_uniform_baseline_power_cap-1.4_uniform_target-0.005_dvfs_epoch-10000_dvfs_log_interval-10000_max_samples-5_use_netrace-1_netrace_file-home-nsutherland--66a55a544b,0.0116312,0.00989375,,,,,0.637614,0.005,1
,,,14.0,/home/nsutherland/wsc-noc-dvfs/booksim2/runfiles/flatfly_uniform_baseline.cfg,flatfly_uniform_baseline,,,,0.0,10000,10000,1,0.762386,5,1,/home/nsutherland/wsc-noc-dvfs/sniper_trace_to_netrace/workloads/network_trace_merged.log.tra.bz2,1,,,/home/nsutherland/wsc-noc-dvfs/booksim2/sims,,1.4,sweep_cfg-flatfly_uniform_baseline_power_cap-1.4_uniform_target-0.01_dvfs_epoch-10000_dvfs_log_interval-10000_max_samples-5_use_netrace-1_netrace_file-home-nsutherland-w-7177445a31,0.0116312,0.00989375,,,,,0.637614,0.01,1
,,,14.0,/home/nsutherland/wsc-noc-dvfs/booksim2/runfiles/flatfly_uniform_baseline.cfg,flatfly_uniform_baseline,,,,0.0,10000,10000,1,0.762386,5,1,/home/nsutherland/wsc-noc-dvfs/sniper_trace_to_netrace/workloads/network_trace_merged.log.tra.bz2,1,,,/home/nsutherland/wsc-noc-dvfs/booksim2/sims,,1.4,sweep_cfg-flatfly_uniform_baseline_power_cap-1.4_uniform_target-0.015_dvfs_epoch-10000_dvfs_log_interval-10000_max_samples-5_use_netrace-1_netrace_file-home-nsutherland--5a468ee34d,0.0116312,0.00989375,,,,,0.637614,0.015,1
,,,14.0,/home/nsutherland/wsc-noc-dvfs/booksim2/runfiles/flatfly_uniform_baseline.cfg,flatfly_uniform_baseline,,,,0.0,10000,10000,1,0.762386,5,1,/home/nsutherland/wsc-noc-dvfs/sniper_trace_to_netrace/workloads/network_trace_merged.log.tra.bz2,1,,,/home/nsutherland/wsc-noc-dvfs/booksim2/sims,,1.4,sweep_cfg-flatfly_uniform_baseline_power_cap-1.4_uniform_target-0.02_dvfs_epoch-10000_dvfs_log_interval-10000_max_samples-5_use_netrace-1_netrace_file-home-nsutherland-w-72a79f69c5,0.0116312,0.00989375,,,,,0.637614,0.02,1
,,,14.0,/home/nsutherland/wsc-noc-dvfs/booksim2/runfiles/flatfly_uniform_baseline.cfg,flatfly_uniform_baseline,,,,0.0,10000,10000,1,0.762386,5,1,/home/nsutherland/wsc-noc-dvfs/sniper_trace_to_netrace/workloads/network_trace_merged.log.tra.bz2,1,,,/home/nsutherland/wsc-noc-dvfs/booksim2/sims,,1.4,sweep_cfg-flatfly_uniform_baseline_power_cap-1.4_uniform_target-0.03_dvfs_epoch-10000_dvfs_log_interval-10000_max_samples-5_use_netrace-1_netrace_file-home-nsutherland-w-1249fead1d,0.0116312,0.00989375,,,,,0.637614,0.03,1
,,,14.0,/home/nsutherland/wsc-noc-dvfs/booksim2/runfiles/flatfly_uniform_baseline.cfg,flatfly_uniform_baseline,,,,0.0,10000,10000,1,0.762386,5,1,/home/nsutherland/wsc-noc-dvfs/sniper_trace_to_netrace/workloads/network_trace_merged.log.tra.bz2,1,,,/home/nsutherland/wsc-noc-dvfs/booksim2/sims,,1.4,sweep_cfg-flatfly_uniform_baseline_power_cap-1.4_uniform_target-0.04_dvfs_epoch-10000_dvfs_log_interval-10000_max_samples-5_use_netrace-1_netrace_file-home-nsutherland-w-cc5e1331db,0.0116312,0.00989375,,,,,0.637614,0.04,1
,,,14.0,/home/nsutherland/wsc-noc-dvfs/booksim2/runfiles/flatfly_uniform_baseline.cfg,flatfly_uniform_baseline,,,,0.0,10000,10000,1,0.762386,5,1,/home/nsutherland/wsc-noc-dvfs/sniper_trace_to_netrace/workloads/network_trace_merged.log.tra.bz2,1,,,/home/nsutherland/wsc-noc-dvfs/booksim2/sims,,1.4,sweep_cfg-flatfly_uniform_baseline_power_cap-1.4_uniform_target-0.05_dvfs_epoch-10000_dvfs_log_interval-10000_max_samples-5_use_netrace-1_netrace_file-home-nsutherland-w-72c635681c,0.0116312,0.00989375,,,,,0.637614,0.05,1
,,,14.0,/home/nsutherland/wsc-noc-dvfs/booksim2/runfiles/flatfly_uniform_baseline.cfg,flatfly_uniform_baseline,,,,0.0,10000,10000,1,0.762386,5,1,/home/nsutherland/wsc-noc-dvfs/sniper_trace_to_netrace/workloads/network_trace_merged.log.tra.bz2,1,,,/home/nsutherland/wsc-noc-dvfs/booksim2/sims,,1.4,sweep_cfg-flatfly_uniform_baseline_power_cap-1.4_uniform_target-0.075_dvfs_epoch-10000_dvfs_log_interval-10000_max_samples-5_use_netrace-1_netrace_file-home-nsutherland--1e044de935,0.0116312,0.00989375,,,,,0.637614,0.075,1
,,,14.0,/home/nsutherland/wsc-noc-dvfs/booksim2/runfiles/flatfly_uniform_baseline.cfg,flatfly_uniform_baseline,,,,0.0,10000,10000,1,0.762386,5,1,/home/nsutherland/wsc-noc-dvfs/sniper_trace_to_netrace/workloads/network_trace_merged.log.tra.bz2,1,,,/home/nsutherland/wsc-noc-dvfs/booksim2/sims,,1.4,sweep_cfg-flatfly_uniform_baseline_power_cap-1.4_uniform_target-0.1_dvfs_epoch-10000_dvfs_log_interval-10000_max_samples-5_use_netrace-1_netrace_file-home-nsutherland-ws-f8a576760c,0.0116312,0.00989375,,,,,0.637614,0.1,1
,,,25953.0,/home/nsutherland/wsc-noc-dvfs/booksim2/runfiles/flatfly_uniform_baseline.cfg,flatfly_uniform_baseline,,,,22579.0,10000,10000,1,0.762386,5,1,/home/nsutherland/wsc-noc-dvfs/sniper_trace_to_netrace/workloads/network_trace_merged.log.tra.bz2,1,,,/home/nsutherland/wsc-noc-dvfs/booksim2/sims,,1.4,sweep_cfg-flatfly_uniform_baseline_power_cap-1.4_uniform_target-0.15_dvfs_epoch-10000_dvfs_log_interval-10000_max_samples-5_use_netrace-1_netrace_file-home-nsutherland-w-fc96e705ec,0.0902562,0.0841563,,,,,0.637614,0.15,1
40,1042,5291,4760.0,/home/nsutherland/wsc-noc-dvfs/booksim2/runfiles/flatfly_uniform_baseline.cfg,flatfly_uniform_baseline,39,447,1719,0.0,10000,10000,0,0.762386,5,1,/home/nsutherland/wsc-noc-dvfs/sniper_trace_to_netrace/workloads/network_trace_merged.log.tra.bz2,1,0.6,0.6,/home/nsutherland/wsc-noc-dvfs/booksim2/sims,uniform,1.4,sweep_cfg-flatfly_uniform_baseline_power_cap-1.4_uniform_target-0.2_dvfs_epoch-10000_dvfs_log_interval-10000_max_samples-5_use_netrace-1_netrace_file-home-nsutherland-ws-c736c9b5b6,0.0909937,0.0805875,3.077952297847586,0.0857973,0.0845252,0.19662,0.637614,0.2,1
26,90,170,14.0,/home/nsutherland/wsc-noc-dvfs/booksim2/runfiles/flatfly_uniform_baseline.cfg,flatfly_uniform_baseline,26,87,261,0.0,10000,10000,0,0.762386,5,1,/home/nsutherland/wsc-noc-dvfs/sniper_trace_to_netrace/workloads/network_trace_merged.log.tra.bz2,1,0.6,0.6,/home/nsutherland/wsc-noc-dvfs/booksim2/sims,uniform,1.4,sweep_cfg-flatfly_uniform_baseline_power_cap-1.4_uniform_target-0.3_dvfs_epoch-10000_dvfs_log_interval-10000_max_samples-5_use_netrace-1_netrace_file-home-nsutherland-ws-6648ff1147,0.0618,0.05285,0.6513409961685823,0.0928055,0.0918102,0.27895,0.637614,0.3,1
21,61,97,14.0,/home/nsutherland/wsc-noc-dvfs/booksim2/runfiles/flatfly_uniform_baseline.cfg,flatfly_uniform_baseline,21,59,102,0.0,10000,10000,0,0.762386,5,1,/home/nsutherland/wsc-noc-dvfs/sniper_trace_to_netrace/workloads/network_trace_merged.log.tra.bz2,1,0.6,0.6,/home/nsutherland/wsc-noc-dvfs/booksim2/sims,uniform,1.4,sweep_cfg-flatfly_uniform_baseline_power_cap-1.4_uniform_target-0.4_dvfs_epoch-10000_dvfs_log_interval-10000_max_samples-5_use_netrace-1_netrace_file-home-nsutherland-ws-f221444466,0.0494187,0.03985,0.9509803921568627,0.0935385,0.0925491,0.361505,0.637614,0.4,1
15,40,58,14.0,/home/nsutherland/wsc-noc-dvfs/booksim2/runfiles/flatfly_uniform_baseline.cfg,flatfly_uniform_baseline,15,37,55,0.0,10000,10000,0,0.749644,5,1,/home/nsutherland/wsc-noc-dvfs/sniper_trace_to_netrace/workloads/network_trace_merged.log.tra.bz2,1,0.6,0.6,/home/nsutherland/wsc-noc-dvfs/booksim2/sims,uniform,1.4,sweep_cfg-flatfly_uniform_baseline_power_cap-1.4_uniform_target-0.6_dvfs_epoch-10000_dvfs_log_interval-10000_max_samples-5_use_netrace-1_netrace_file-home-nsutherland-ws-01b5870b51,0.03285,0.0261187,1.0545454545454545,0.0945207,0.0934585,0.526483,0.650356,0.6,1
,,,,/home/nsutherland/wsc-noc-dvfs/booksim2/runfiles/flatfly_uniform_baseline.cfg,flatfly_uniform_baseline,,,,,10000,10000,255,,5,1,/home/nsutherland/wsc-noc-dvfs/sniper_trace_to_netrace/workloads/network_trace_merged.log.tra.bz2,1,,,/home/nsutherland/wsc-noc-dvfs/booksim2/sims,,1.4,sweep_cfg-flatfly_uniform_baseline_power_cap-1.4_uniform_target-1_dvfs_epoch-10000_dvfs_log_interval-10000_max_samples-5_use_netrace-1_netrace_file-home-nsutherland-wsc--fd695d01fe,,,,,,,,1,1
,,,14.0,/home/nsutherland/wsc-noc-dvfs/booksim2/runfiles/flatfly_uniform_baseline.cfg,flatfly_uniform_baseline,,,,0.0,10000,10000,1,0.862386,5,1,/home/nsutherland/wsc-noc-dvfs/sniper_trace_to_netrace/workloads/network_trace_merged.log.tra.bz2,1,,,/home/nsutherland/wsc-noc-dvfs/booksim2/sims,,1.5,sweep_cfg-flatfly_uniform_baseline_power_cap-1.5_uniform_target-0.005_dvfs_epoch-10000_dvfs_log_interval-10000_max_samples-5_use_netrace-1_netrace_file-home-nsutherland--a02fb5cb27,0.0116312,0.00989375,,,,,0.637614,0.005,1
,,,14.0,/home/nsutherland/wsc-noc-dvfs/booksim2/runfiles/flatfly_uniform_baseline.cfg,flatfly_uniform_baseline,,,,0.0,10000,10000,1,0.862386,5,1,/home/nsutherland/wsc-noc-dvfs/sniper_trace_to_netrace/workloads/network_trace_merged.log.tra.bz2,1,,,/home/nsutherland/wsc-noc-dvfs/booksim2/sims,,1.5,sweep_cfg-flatfly_uniform_baseline_power_cap-1.5_uniform_target-0.01_dvfs_epoch-10000_dvfs_log_interval-10000_max_samples-5_use_netrace-1_netrace_file-home-nsutherland-w-d3e606b0ce,0.0116312,0.00989375,,,,,0.637614,0.01,1
,,,14.0,/home/nsutherland/wsc-noc-dvfs/booksim2/runfiles/flatfly_uniform_baseline.cfg,flatfly_uniform_baseline,,,,0.0,10000,10000,1,0.862386,5,1,/home/nsutherland/wsc-noc-dvfs/sniper_trace_to_netrace/workloads/network_trace_merged.log.tra.bz2,1,,,/home/nsutherland/wsc-noc-dvfs/booksim2/sims,,1.5,sweep_cfg-flatfly_uniform_baseline_power_cap-1.5_uniform_target-0.015_dvfs_epoch-10000_dvfs_log_interval-10000_max_samples-5_use_netrace-1_netrace_file-home-nsutherland--b963e56a01,0.0116312,0.00989375,,,,,0.637614,0.015,1
,,,14.0,/home/nsutherland/wsc-noc-dvfs/booksim2/runfiles/flatfly_uniform_baseline.cfg,flatfly_uniform_baseline,,,,0.0,10000,10000,1,0.862386,5,1,/home/nsutherland/wsc-noc-dvfs/sniper_trace_to_netrace/workloads/network_trace_merged.log.tra.bz2,1,,,/home/nsutherland/wsc-noc-dvfs/booksim2/sims,,1.5,sweep_cfg-flatfly_uniform_baseline_power_cap-1.5_uniform_target-0.02_dvfs_epoch-10000_dvfs_log_interval-10000_max_samples-5_use_netrace-1_netrace_file-home-nsutherland-w-0d23b58b42,0.0116312,0.00989375,,,,,0.637614,0.02,1
,,,14.0,/home/nsutherland/wsc-noc-dvfs/booksim2/runfiles/flatfly_uniform_baseline.cfg,flatfly_uniform_baseline,,,,0.0,10000,10000,1,0.862386,5,1,/home/nsutherland/wsc-noc-dvfs/sniper_trace_to_netrace/workloads/network_trace_merged.log.tra.bz2,1,,,/home/nsutherland/wsc-noc-dvfs/booksim2/sims,,1.5,sweep_cfg-flatfly_uniform_baseline_power_cap-1.5_uniform_target-0.03_dvfs_epoch-10000_dvfs_log_interval-10000_max_samples-5_use_netrace-1_netrace_file-home-nsutherland-w-18e5e17f42,0.0116312,0.00989375,,,,,0.637614,0.03,1
,,,14.0,/home/nsutherland/wsc-noc-dvfs/booksim2/runfiles/flatfly_uniform_baseline.cfg,flatfly_uniform_baseline,,,,0.0,10000,10000,1,0.862386,5,1,/home/nsutherland/wsc-noc-dvfs/sniper_trace_to_netrace/workloads/network_trace_merged.log.tra.bz2,1,,,/home/nsutherland/wsc-noc-dvfs/booksim2/sims,,1.5,sweep_cfg-flatfly_uniform_baseline_power_cap-1.5_uniform_target-0.04_dvfs_epoch-10000_dvfs_log_interval-10000_max_samples-5_use_netrace-1_netrace_file-home-nsutherland-w-4135097585,0.0116312,0.00989375,,,,,0.637614,0.04,1
,,,14.0,/home/nsutherland/wsc-noc-dvfs/booksim2/runfiles/flatfly_uniform_baseline.cfg,flatfly_uniform_baseline,,,,0.0,10000,10000,1,0.862386,5,1,/home/nsutherland/wsc-noc-dvfs/sniper_trace_to_netrace/workloads/network_trace_merged.log.tra.bz2,1,,,/home/nsutherland/wsc-noc-dvfs/booksim2/sims,,1.5,sweep_cfg-flatfly_uniform_baseline_power_cap-1.5_uniform_target-0.05_dvfs_epoch-10000_dvfs_log_interval-10000_max_samples-5_use_netrace-1_netrace_file-home-nsutherland-w-3110c0bd03,0.0116312,0.00989375,,,,,0.637614,0.05,1
,,,14.0,/home/nsutherland/wsc-noc-dvfs/booksim2/runfiles/flatfly_uniform_baseline.cfg,flatfly_uniform_baseline,,,,0.0,10000,10000,1,0.862386,5,1,/home/nsutherland/wsc-noc-dvfs/sniper_trace_to_netrace/workloads/network_trace_merged.log.tra.bz2,1,,,/home/nsutherland/wsc-noc-dvfs/booksim2/sims,,1.5,sweep_cfg-flatfly_uniform_baseline_power_cap-1.5_uniform_target-0.075_dvfs_epoch-10000_dvfs_log_interval-10000_max_samples-5_use_netrace-1_netrace_file-home-nsutherland--67fbeea68c,0.0116312,0.00989375,,,,,0.637614,0.075,1
,,,14.0,/home/nsutherland/wsc-noc-dvfs/booksim2/runfiles/flatfly_uniform_baseline.cfg,flatfly_uniform_baseline,,,,0.0,10000,10000,1,0.862386,5,1,/home/nsutherland/wsc-noc-dvfs/sniper_trace_to_netrace/workloads/network_trace_merged.log.tra.bz2,1,,,/home/nsutherland/wsc-noc-dvfs/booksim2/sims,,1.5,sweep_cfg-flatfly_uniform_baseline_power_cap-1.5_uniform_target-0.1_dvfs_epoch-10000_dvfs_log_interval-10000_max_samples-5_use_netrace-1_netrace_file-home-nsutherland-ws-921700d80e,0.0116312,0.00989375,,,,,0.637614,0.1,1
,,,25953.0,/home/nsutherland/wsc-noc-dvfs/booksim2/runfiles/flatfly_uniform_baseline.cfg,flatfly_uniform_baseline,,,,22579.0,10000,10000,1,0.862386,5,1,/home/nsutherland/wsc-noc-dvfs/sniper_trace_to_netrace/workloads/network_trace_merged.log.tra.bz2,1,,,/home/nsutherland/wsc-noc-dvfs/booksim2/sims,,1.5,sweep_cfg-flatfly_uniform_baseline_power_cap-1.5_uniform_target-0.15_dvfs_epoch-10000_dvfs_log_interval-10000_max_samples-5_use_netrace-1_netrace_file-home-nsutherland-w-6eef43ca02,0.0902562,0.0841563,,,,,0.637614,0.15,1
40,1042,5291,4760.0,/home/nsutherland/wsc-noc-dvfs/booksim2/runfiles/flatfly_uniform_baseline.cfg,flatfly_uniform_baseline,39,447,1719,0.0,10000,10000,0,0.862386,5,1,/home/nsutherland/wsc-noc-dvfs/sniper_trace_to_netrace/workloads/network_trace_merged.log.tra.bz2,1,0.6,0.6,/home/nsutherland/wsc-noc-dvfs/booksim2/sims,uniform,1.5,sweep_cfg-flatfly_uniform_baseline_power_cap-1.5_uniform_target-0.2_dvfs_epoch-10000_dvfs_log_interval-10000_max_samples-5_use_netrace-1_netrace_file-home-nsutherland-ws-7987f64e4d,0.0909937,0.0805875,3.077952297847586,0.0857973,0.0845252,0.19662,0.637614,0.2,1
26,90,170,14.0,/home/nsutherland/wsc-noc-dvfs/booksim2/runfiles/flatfly_uniform_baseline.cfg,flatfly_uniform_baseline,26,87,261,0.0,10000,10000,0,0.862386,5,1,/home/nsutherland/wsc-noc-dvfs/sniper_trace_to_netrace/workloads/network_trace_merged.log.tra.bz2,1,0.6,0.6,/home/nsutherland/wsc-noc-dvfs/booksim2/sims,uniform,1.5,sweep_cfg-flatfly_uniform_baseline_power_cap-1.5_uniform_target-0.3_dvfs_epoch-10000_dvfs_log_interval-10000_max_samples-5_use_netrace-1_netrace_file-home-nsutherland-ws-5a041f983b,0.0618,0.05285,0.6513409961685823,0.0928055,0.0918102,0.27895,0.637614,0.3,1
21,61,97,14.0,/home/nsutherland/wsc-noc-dvfs/booksim2/runfiles/flatfly_uniform_baseline.cfg,flatfly_uniform_baseline,21,59,102,0.0,10000,10000,0,0.862386,5,1,/home/nsutherland/wsc-noc-dvfs/sniper_trace_to_netrace/workloads/network_trace_merged.log.tra.bz2,1,0.6,0.6,/home/nsutherland/wsc-noc-dvfs/booksim2/sims,uniform,1.5,sweep_cfg-flatfly_uniform_baseline_power_cap-1.5_uniform_target-0.4_dvfs_epoch-10000_dvfs_log_interval-10000_max_samples-5_use_netrace-1_netrace_file-home-nsutherland-ws-227612e70a,0.0494187,0.03985,0.9509803921568627,0.0935385,0.0925491,0.361505,0.637614,0.4,1
15,40,58,14.0,/home/nsutherland/wsc-noc-dvfs/booksim2/runfiles/flatfly_uniform_baseline.cfg,flatfly_uniform_baseline,15,37,55,0.0,10000,10000,0,0.849644,5,1,/home/nsutherland/wsc-noc-dvfs/sniper_trace_to_netrace/workloads/network_trace_merged.log.tra.bz2,1,0.6,0.6,/home/nsutherland/wsc-noc-dvfs/booksim2/sims,uniform,1.5,sweep_cfg-flatfly_uniform_baseline_power_cap-1.5_uniform_target-0.6_dvfs_epoch-10000_dvfs_log_interval-10000_max_samples-5_use_netrace-1_netrace_file-home-nsutherland-ws-2dcaf3697a,0.03285,0.0261187,1.0545454545454545,0.0945207,0.0934585,0.526483,0.650356,0.6,1
,,,,/home/nsutherland/wsc-noc-dvfs/booksim2/runfiles/flatfly_uniform_baseline.cfg,flatfly_uniform_baseline,,,,,10000,10000,255,,5,1,/home/nsutherland/wsc-noc-dvfs/sniper_trace_to_netrace/workloads/network_trace_merged.log.tra.bz2,1,,,/home/nsutherland/wsc-noc-dvfs/booksim2/sims,,1.5,sweep_cfg-flatfly_uniform_baseline_power_cap-1.5_uniform_target-1_dvfs_epoch-10000_dvfs_log_interval-10000_max_samples-5_use_netrace-1_netrace_file-home-nsutherland-wsc--d18d3f6eb2,,,,,,,,1,1
